age,sex,exp,medians,junction,surface,light,weather,collision,car_movement,acc_cause,severity
18-30,Male,No Licence,Two-way (divided with broken lines road marking),No junction,Asphalt roads,Daylight,Raining,Rollover,Moving Backward,Changing lane to the right,2
Over 51,Male,5-10yr,One way,Y Shape,Asphalt roads,Daylight,Other,Rollover,Going straight,Moving Backward,2
18-30,Male,1-2yr,Two-way (divided with broken lines road marking),No junction,Asphalt roads,Daylight,Raining,Collision with pedestrians,Going straight,No priority to vehicle,1
Under 18,Male,2-5yr,Two-way (divided with broken lines road marking),No junction,Asphalt roads,Daylight,Raining,Unknown,Going straight,No priority to pedestrian,1
18-30,Male,5-10yr,Undivided Two way,Y Shape,Asphalt roads,Darkness - lights lit,Normal,Vehicle with vehicle collision,Going straight,Changing lane to the left,2
31-50,Male,Unknown,Two-way (divided with broken lines road marking),Y Shape,Asphalt roads,Darkness - lights lit,Normal,Vehicle with vehicle collision,Going straight,Changing lane to the left,2
18-30,Male,Unknown,Two-way (divided with broken lines road marking),Y Shape,Asphalt roads,Darkness - lights lit,Raining,Collision with pedestrians,Going straight,Driving under the influence of drugs,0
Under 18,Male,2-5yr,Undivided Two way,Crossing,Asphalt roads,Darkness - lights lit,Cloudy,Collision with pedestrians,Going straight,Moving Backward,2
31-50,Male,Above 10yr,Two-way (divided with broken lines road marking),Crossing,Asphalt roads,Darkness - lights lit,Cloudy,Vehicle with vehicle collision,Going straight,Changing lane to the right,2
18-30,Male,Above 10yr,Two-way (divided with broken lines road marking),Y Shape,Asphalt roads,Darkness - lights lit,Normal,Vehicle with vehicle collision,Going straight,Changing lane to the right,2
18-30,Male,Unknown,other,Y Shape,Asphalt roads,Darkness - lights lit,Normal,Vehicle with vehicle collision,Turnover,No distancing,2
31-50,Male,Above 10yr,Two-way (divided with broken lines road marking),No junction,Asphalt roads,Darkness - lights lit,Windy,Collision with roadside objects,Going straight,Moving Backward,2
18-30,Male,Unknown,other,No junction,Asphalt roads,Daylight,Raining,Unknown,Moving Backward,No distancing,2
18-30,Male,5-10yr,Undivided Two way,No junction,Asphalt roads,Daylight,Raining,Collision with roadside objects,Going straight,Driving carelessly,2
31-50,Male,Above 10yr,Two-way (divided with broken lines road marking),Y Shape,Asphalt roads,Darkness - lights lit,Normal,Vehicle with vehicle collision,Going straight,No priority to pedestrian,2
Unknown,Female,Above 10yr,Two-way (divided with broken lines road marking),Y Shape,Asphalt roads,Darkness - lights lit,Normal,Vehicle with vehicle collision,Moving Backward,No priority to vehicle,2
Over 51,Unknown,Unknown,other,Crossing,Asphalt roads,Darkness - lights lit,Other,Collision with roadside objects,Going straight,Moving Backward,2
18-30,Unknown,5-10yr,other,No junction,Asphalt roads,Darkness - lights lit,Windy,Vehicle with vehicle collision,Going straight,Changing lane to the right,2
31-50,Male,Above 10yr,Two-way (divided with broken lines road marking),Unknown,Asphalt roads,Darkness - lights lit,Raining,Vehicle with vehicle collision,Waiting to go,No distancing,2
18-30,Male,Below 1yr,Undivided Two way,O Shape,Asphalt roads,Darkness - lights lit,Raining,Collision with roadside objects,Moving Backward,Driving carelessly,1
18-30,Male,2-5yr,Undivided Two way,O Shape,Asphalt roads,Darkness - lights lit,Raining,Collision with roadside objects,Moving Backward,Changing lane to the left,1
18-30,Unknown,2-5yr,Undivided Two way,No junction,Asphalt roads,Daylight,Cloudy,Vehicle with vehicle collision,Going straight,Moving Backward,2
Under 18,Unknown,5-10yr,Undivided Two way,No junction,Asphalt roads,Darkness - lights lit,Raining,Unknown,Unknown,No distancing,2
18-30,Unknown,Unknown,Undivided Two way,No junction,Asphalt roads,Darkness - lights lit,Raining,Vehicle with vehicle collision,Going straight,Changing lane to the right,2
31-50,Male,Below 1yr,Undivided Two way,Y Shape,Asphalt roads,Darkness - lights lit,Normal,Vehicle with vehicle collision,Going straight,No priority to vehicle,2
31-50,Male,Above 10yr,Unknown,Y Shape,Asphalt roads,Darkness - lights lit,Normal,Vehicle with vehicle collision,Going straight,Getting off the vehicle improperly,2
31-50,Unknown,Below 1yr,Two-way (divided with broken lines road marking),Y Shape,Asphalt roads,Darkness - lights lit,Normal,Vehicle with vehicle collision,Moving Backward,No distancing,2
18-30,Male,5-10yr,Undivided Two way,Y Shape,Asphalt roads,Darkness - lights lit,Normal,Vehicle with vehicle collision,Going straight,No distancing,2
18-30,Male,5-10yr,Two-way (divided with broken lines road marking),Crossing,Asphalt roads,Darkness - lights lit,Normal,Vehicle with vehicle collision,Going straight,Changing lane to the left,1
31-50,Male,Unknown,Two-way (divided with broken lines road marking),No junction,Asphalt roads,Darkness - lights lit,Normal,Vehicle with vehicle collision,Going straight,No priority to vehicle,2
31-50,Male,1-2yr,One way,No junction,Asphalt roads,Darkness - lights lit,Normal,Vehicle with vehicle collision,Going straight,Driving carelessly,2
18-30,Male,5-10yr,Undivided Two way,No junction,Asphalt roads,Darkness - lights lit,Normal,Unknown,Going straight,Changing lane to the right,2
Over 51,Male,5-10yr,Undivided Two way,Y Shape,Asphalt roads,Daylight,Normal,Vehicle with vehicle collision,Reversing,No distancing,2
31-50,Male,5-10yr,Two-way (divided with broken lines road marking),Y Shape,Asphalt roads,Darkness - lights lit,Normal,Vehicle with vehicle collision,Going straight,Changing lane to the right,2
18-30,Male,5-10yr,One way,Y Shape,Asphalt roads,Darkness - lights lit,Normal,Vehicle with vehicle collision,Going straight,No distancing,2
18-30,Male,Above 10yr,Undivided Two way,Crossing,Asphalt roads,Darkness - lights lit,Raining,Vehicle with vehicle collision,Going straight,Driving under the influence of drugs,2
Over 51,Unknown,5-10yr,One way,Crossing,Asphalt roads,Darkness - lights lit,Raining,Vehicle with vehicle collision,Going straight,Changing lane to the left,2
Over 51,Male,No Licence,Two-way (divided with broken lines road marking),Crossing,Asphalt roads,Darkness - lights lit,Raining,Vehicle with vehicle collision,Going straight,Getting off the vehicle improperly,2
Over 51,Male,Below 1yr,Two-way (divided with broken lines road marking),Y Shape,Asphalt roads,Daylight,Normal,Vehicle with vehicle collision,Going straight,Overloading,1
18-30,Male,5-10yr,Undivided Two way,Y Shape,Asphalt roads,Daylight,Normal,Collision with roadside objects,Going straight,Driving carelessly,1
18-30,Unknown,5-10yr,Two-way (divided with solid lines road marking),Y Shape,Asphalt roads,Darkness - lights lit,Normal,Vehicle with vehicle collision,Going straight,Overtaking,2
18-30,Male,5-10yr,Undivided Two way,Y Shape,Asphalt roads,Darkness - lights lit,Normal,Collision with pedestrians,Waiting to go,No distancing,2
18-30,Male,5-10yr,One way,Y Shape,Asphalt roads,Darkness - lights lit,Normal,Unknown,Going straight,Overturning,2
31-50,Male,5-10yr,Two-way (divided with broken lines road marking),Y Shape,Asphalt roads,Darkness - lights lit,Normal,Collision with roadside objects,Going straight,Driving carelessly,2
18-30,Male,2-5yr,Undivided Two way,Crossing,Asphalt roads,Daylight,Raining,Vehicle with vehicle collision,Going straight,No priority to pedestrian,2
Over 51,Male,5-10yr,Two-way (divided with broken lines road marking),Crossing,Asphalt roads,Daylight,Raining,Vehicle with vehicle collision,Going straight,No distancing,2
31-50,Male,Above 10yr,One way,Y Shape,Asphalt roads,Daylight,Raining,Vehicle with vehicle collision,Going straight,No priority to vehicle,2
31-50,Male,1-2yr,Undivided Two way,Y Shape,Asphalt roads,Daylight,Raining,Vehicle with vehicle collision,Going straight,Getting off the vehicle improperly,2
18-30,Male,Below 1yr,One way,Y Shape,Asphalt roads,Darkness - lights lit,Raining,Vehicle with vehicle collision,Going straight,No priority to pedestrian,1
18-30,Male,1-2yr,Undivided Two way,Y Shape,Asphalt roads,Darkness - lights lit,Raining,Rollover,Going straight,Changing lane to the right,2
18-30,Male,5-10yr,Undivided Two way,Y Shape,Asphalt roads,Darkness - lights lit,Raining,Collision with roadside objects,Going straight,Moving Backward,2
Over 51,Male,Above 10yr,Undivided Two way,Crossing,Asphalt roads,Darkness - no lighting,Raining,Vehicle with vehicle collision,Going straight,Changing lane to the left,1
18-30,Male,5-10yr,One way,Y Shape,Asphalt roads,Darkness - lights lit,Raining,Collision with roadside objects,Going straight,No distancing,2
18-30,Male,2-5yr,other,Y Shape,Asphalt roads,Darkness - lights lit,Normal,Vehicle with vehicle collision,Going straight,Driving carelessly,2
31-50,Male,2-5yr,Two-way (divided with broken lines road marking),Y Shape,Asphalt roads,Darkness - lights lit,Normal,Vehicle with vehicle collision,Going straight,Driving under the influence of drugs,2
31-50,Male,Above 10yr,Two-way (divided with broken lines road marking),No junction,Asphalt roads,Darkness - lights lit,Raining,Vehicle with vehicle collision,Turnover,Driving carelessly,1
31-50,Male,2-5yr,Two-way (divided with broken lines road marking),No junction,Asphalt roads,Darkness - lights lit,Raining,Vehicle with vehicle collision,Reversing,Driving carelessly,1
Over 51,Unknown,Below 1yr,Two-way (divided with broken lines road marking),Y Shape,Asphalt roads,Daylight,Normal,Vehicle with vehicle collision,Moving Backward,Changing lane to the right,2
Over 51,Male,2-5yr,Two-way (divided with broken lines road marking),Y Shape,Asphalt roads,Daylight,Normal,Collision with roadside objects,Going straight,No distancing,2
31-50,Male,Above 10yr,Undivided Two way,Y Shape,Asphalt roads,Darkness - lights lit,Normal,Vehicle with vehicle collision,Moving Backward,Driving carelessly,2
31-50,Male,2-5yr,Two-way (divided with broken lines road marking),Y Shape,Asphalt roads,Daylight,Normal,Collision with roadside objects,Going straight,No priority to pedestrian,2
Over 51,Male,Above 10yr,Two-way (divided with broken lines road marking),Y Shape,Asphalt roads,Daylight,Normal,Vehicle with vehicle collision,Going straight,No distancing,2
31-50,Male,Above 10yr,Undivided Two way,Other,Asphalt roads,Darkness - lights lit,Normal,Vehicle with vehicle collision,Going straight,Moving Backward,1
Over 51,Unknown,Above 10yr,One way,Crossing,Earth roads,Daylight,Normal,Vehicle with vehicle collision,Going straight,Moving Backward,2
31-50,Male,Above 10yr,Undivided Two way,Crossing,Asphalt roads,Daylight,Normal,Vehicle with vehicle collision,Going straight,No priority to vehicle,2
18-30,Male,Below 1yr,Two-way (divided with broken lines road marking),No junction,Asphalt roads,Daylight,Normal,Vehicle with vehicle collision,Unknown,No distancing,2
31-50,Male,5-10yr,Two-way (divided with broken lines road marking),No junction,Asphalt roads,Daylight,Normal,Vehicle with vehicle collision,Going straight,Moving Backward,2
31-50,Male,2-5yr,Undivided Two way,Crossing,Asphalt roads,Daylight,Normal,Vehicle with vehicle collision,Unknown,Changing lane to the right,2
18-30,Unknown,Above 10yr,Two-way (divided with broken lines road marking),Crossing,Asphalt roads,Daylight,Normal,Vehicle with vehicle collision,Going straight,Moving Backward,2
31-50,Male,Below 1yr,Two-way (divided with broken lines road marking),Crossing,Asphalt roads,Daylight,Normal,Vehicle with vehicle collision,Moving Backward,Changing lane to the right,2
31-50,Male,2-5yr,Undivided Two way,Crossing,Asphalt roads,Daylight,Normal,Vehicle with vehicle collision,Going straight,Driving carelessly,2
18-30,Male,Above 10yr,Undivided Two way,Y Shape,Asphalt roads,Daylight,Normal,Vehicle with vehicle collision,Going straight,Changing lane to the right,1
18-30,Male,2-5yr,other,Y Shape,Asphalt roads,Daylight,Normal,Rollover,Moving Backward,No distancing,1
Over 51,Male,2-5yr,One way,Y Shape,Asphalt roads,Daylight,Normal,Collision with roadside objects,Going straight,Moving Backward,1
Over 51,Male,2-5yr,Two-way (divided with broken lines road marking),Y Shape,Asphalt roads,Daylight,Windy,Vehicle with vehicle collision,Turnover,Driving carelessly,2
Over 51,Male,1-2yr,Two-way (divided with broken lines road marking),Y Shape,Asphalt roads,Daylight,Windy,Vehicle with vehicle collision,Going straight,No distancing,2
31-50,Male,5-10yr,Undivided Two way,Y Shape,Asphalt roads,Daylight,Windy,Collision with roadside objects,Going straight,No priority to vehicle,2
31-50,Male,2-5yr,Two-way (divided with broken lines road marking),Crossing,Asphalt roads,Daylight,Normal,Vehicle with vehicle collision,Unknown,Changing lane to the right,2
31-50,Male,1-2yr,Two-way (divided with broken lines road marking),Crossing,Asphalt roads,Daylight,Normal,Vehicle with vehicle collision,Going straight,Moving Backward,2
Under 18,Male,1-2yr,One way,Crossing,Asphalt roads,Daylight,Normal,Vehicle with vehicle collision,Going straight,Driving under the influence of drugs,2
18-30,Male,No Licence,Two-way (divided with broken lines road marking),Crossing,Asphalt roads,Daylight,Normal,Rollover,Going straight,Changing lane to the right,2
31-50,Male,5-10yr,One way,Crossing,Asphalt roads,Daylight,Normal,Rollover,Going straight,No priority to vehicle,2
31-50,Unknown,1-2yr,Two-way (divided with broken lines road marking),Crossing,Asphalt roads,Daylight,Normal,Collision with pedestrians,Reversing,Changing lane to the left,2
Over 51,Male,2-5yr,Two-way (divided with broken lines road marking),No junction,Asphalt roads,Daylight,Normal,Vehicle with vehicle collision,Going straight,Driving carelessly,1
31-50,Male,5-10yr,Undivided Two way,Crossing,Asphalt roads,Darkness - no lighting,Cloudy,Vehicle with vehicle collision,Moving Backward,No priority to pedestrian,2
31-50,Male,Unknown,Two-way (divided with broken lines road marking),Crossing,Asphalt roads,Darkness - no lighting,Cloudy,Vehicle with vehicle collision,Going straight,No priority to pedestrian,2
Over 51,Male,Unknown,Two-way (divided with broken lines road marking),Other,Asphalt roads,Darkness - lights lit,Normal,Collision with pedestrians,Going straight,Changing lane to the right,2
31-50,Male,2-5yr,Undivided Two way,Other,Asphalt roads,Darkness - lights lit,Normal,Collision with pedestrians,Going straight,Drunk driving,2
Over 51,Male,Above 10yr,Two-way (divided with broken lines road marking),Y Shape,Asphalt roads,Daylight,Normal,Vehicle with vehicle collision,Going straight,Changing lane to the left,2
31-50,Male,Above 10yr,Two-way (divided with broken lines road marking),Y Shape,Asphalt roads,Daylight,Normal,Vehicle with vehicle collision,Going straight,Changing lane to the left,2
Over 51,Male,Unknown,other,Y Shape,Asphalt roads,Daylight,Normal,Vehicle with vehicle collision,Turnover,Driving to the left,1
18-30,Male,Above 10yr,Two-way (divided with broken lines road marking),Y Shape,Asphalt roads,Daylight,Normal,Collision with roadside objects,Going straight,Changing lane to the left,1
31-50,Male,Unknown,other,Y Shape,Asphalt roads,Daylight,Normal,Vehicle with vehicle collision,Going straight,Driving under the influence of drugs,1
18-30,Male,5-10yr,Undivided Two way,No junction,Asphalt roads,Darkness - lights lit,Normal,Collision with roadside objects,Moving Backward,No priority to pedestrian,1
Unknown,Female,Above 10yr,Two-way (divided with broken lines road marking),Crossing,Asphalt roads,Darkness - lights lit,Normal,Vehicle with vehicle collision,Going straight,Changing lane to the left,2
31-50,Male,Above 10yr,Two-way (divided with broken lines road marking),Y Shape,Asphalt roads,Daylight,Normal,Vehicle with vehicle collision,Going straight,Moving Backward,2
Over 51,Male,Unknown,other,Y Shape,Asphalt roads,Daylight,Normal,Collision with roadside objects,Going straight,No distancing,2
31-50,Male,5-10yr,other,Y Shape,Asphalt roads,Darkness - lights lit,Normal,Vehicle with vehicle collision,Other,Changing lane to the right,1
Unknown,Female,Above 10yr,Two-way (divided with broken lines road marking),Y Shape,Asphalt roads,Darkness - lights lit,Normal,Vehicle with vehicle collision,Going straight,No priority to vehicle,1
18-30,Unknown,Below 1yr,Undivided Two way,Y Shape,Asphalt roads,Darkness - lights lit,Other,Collision with roadside objects,Going straight,Moving Backward,2
31-50,Male,2-5yr,Undivided Two way,Y Shape,Asphalt roads,Darkness - lights lit,Other,Collision with roadside objects,Going straight,Overtaking,2
31-50,Male,2-5yr,Undivided Two way,Y Shape,Asphalt roads,Darkness - lights lit,Other,Vehicle with vehicle collision,Going straight,Changing lane to the left,2
31-50,Male,5-10yr,Undivided Two way,Y Shape,Asphalt roads,Darkness - lights lit,Other,Vehicle with vehicle collision,Going straight,Changing lane to the right,2
31-50,Male,Unknown,Undivided Two way,Other,Asphalt roads,Daylight,Normal,Vehicle with vehicle collision,Going straight,Overtaking,1
18-30,Unknown,Below 1yr,Undivided Two way,Other,Asphalt roads,Daylight,Normal,Vehicle with vehicle collision,U-Turn,Overloading,1
Over 51,Male,Above 10yr,Unknown,No junction,Asphalt roads,Daylight,Raining,Vehicle with vehicle collision,Moving Backward,Other,2
Under 18,Male,Below 1yr,Two-way (divided with broken lines road marking),No junction,Asphalt roads,Daylight,Normal,Vehicle with vehicle collision,U-Turn,No priority to vehicle,1
31-50,Male,5-10yr,Undivided Two way,Unknown,Asphalt roads,Darkness - lights unlit,Normal,Vehicle with vehicle collision,Going straight,Changing lane to the right,2
31-50,Male,5-10yr,Two-way (divided with broken lines road marking),Unknown,Asphalt roads,Darkness - lights unlit,Normal,Vehicle with vehicle collision,U-Turn,Moving Backward,2
18-30,Male,Unknown,Two-way (divided with broken lines road marking),Y Shape,Asphalt roads,Daylight,Other,Vehicle with vehicle collision,Turnover,Changing lane to the left,2
Over 51,Male,1-2yr,One way,Y Shape,Asphalt roads,Daylight,Other,Vehicle with vehicle collision,Going straight,No priority to pedestrian,2
Over 51,Male,5-10yr,Undivided Two way,Y Shape,Asphalt roads,Daylight,Other,Vehicle with vehicle collision,Going straight,No distancing,2
31-50,Unknown,5-10yr,Undivided Two way,No junction,Asphalt roads,Darkness - lights lit,Other,Vehicle with vehicle collision,Waiting to go,No priority to vehicle,2
Over 51,Male,5-10yr,Two-way (divided with broken lines road marking),Crossing,Asphalt roads,Darkness - lights lit,Windy,Vehicle with vehicle collision,Going straight,No distancing,2
31-50,Male,5-10yr,One way,Crossing,Asphalt roads,Darkness - lights lit,Windy,Vehicle with vehicle collision,Going straight,No distancing,2
Over 51,Male,Above 10yr,Undivided Two way,Y Shape,Asphalt roads,Daylight,Normal,Vehicle with vehicle collision,Going straight,Moving Backward,0
Over 51,Male,5-10yr,One way,Unknown,Asphalt roads,Darkness - lights lit,Raining,Vehicle with vehicle collision,Going straight,Changing lane to the right,1
Under 18,Male,No Licence,Two-way (divided with broken lines road marking),Unknown,Asphalt roads,Darkness - lights lit,Raining,Vehicle with vehicle collision,Moving Backward,No priority to pedestrian,1
31-50,Male,Below 1yr,Two-way (divided with broken lines road marking),Y Shape,Asphalt roads,Daylight,Unknown,Vehicle with vehicle collision,Going straight,Moving Backward,2
18-30,Male,5-10yr,Undivided Two way,Y Shape,Asphalt roads,Daylight,Unknown,Collision with roadside objects,Going straight,Getting off the vehicle improperly,2
Unknown,Female,5-10yr,Two-way (divided with solid lines road marking),No junction,Asphalt roads,Darkness - lights lit,Normal,Vehicle with vehicle collision,Moving Backward,Overtaking,2
Over 51,Male,5-10yr,Undivided Two way,Y Shape,Asphalt roads,Darkness - lights lit,Unknown,Collision with pedestrians,Getting off,Overloading,1
18-30,Male,5-10yr,One way,Y Shape,Asphalt roads,Daylight,Normal,Vehicle with vehicle collision,Reversing,Changing lane to the right,2
Over 51,Unknown,5-10yr,Two-way (divided with broken lines road marking),Y Shape,Asphalt roads,Daylight,Normal,Collision with roadside objects,Turnover,Improper parking,2
Over 51,Male,2-5yr,Undivided Two way,Y Shape,Asphalt roads,Daylight,Normal,Vehicle with vehicle collision,Going straight,Other,2
Over 51,Male,5-10yr,Two-way (divided with broken lines road marking),Y Shape,Asphalt roads,Daylight,Normal,Vehicle with vehicle collision,Going straight,Changing lane to the left,2
Over 51,Male,Above 10yr,One way,Y Shape,Asphalt roads,Daylight,Normal,Vehicle with vehicle collision,Going straight,Changing lane to the right,2
31-50,Unknown,1-2yr,Undivided Two way,Y Shape,Asphalt roads,Daylight,Normal,Vehicle with vehicle collision,Going straight,No priority to pedestrian,2
31-50,Male,Below 1yr,One way,Y Shape,Asphalt roads,Daylight,Normal,Vehicle with vehicle collision,Going straight,Overspeed,2
31-50,Male,1-2yr,Undivided Two way,Y Shape,Asphalt roads,Darkness - lights lit,Raining,Rollover,Going straight,Changing lane to the left,2
18-30,Male,5-10yr,Undivided Two way,Y Shape,Asphalt roads,Darkness - lights lit,Raining,Collision with roadside objects,Moving Backward,No priority to vehicle,2
Over 51,Male,1-2yr,Undivided Two way,O Shape,Asphalt roads,Daylight,Normal,Vehicle with vehicle collision,Reversing,Changing lane to the right,2
Over 51,Male,5-10yr,Two-way (divided with broken lines road marking),O Shape,Asphalt roads,Daylight,Normal,Vehicle with vehicle collision,Turnover,No distancing,2
31-50,Unknown,2-5yr,Undivided Two way,O Shape,Asphalt roads,Daylight,Normal,Collision with roadside objects,Going straight,No priority to pedestrian,2
18-30,Male,Below 1yr,Two-way (divided with broken lines road marking),No junction,Asphalt roads,Daylight,Normal,Vehicle with vehicle collision,Going straight,No distancing,2
Over 51,Male,5-10yr,Undivided Two way,Y Shape,Asphalt roads,Daylight,Normal,Vehicle with vehicle collision,Going straight,No priority to vehicle,2
Unknown,Female,5-10yr,Two-way (divided with broken lines road marking),Y Shape,Asphalt roads,Daylight,Normal,Vehicle with vehicle collision,Going straight,Other,2
18-30,Unknown,5-10yr,Two-way (divided with broken lines road marking),Y Shape,Asphalt roads,Daylight,Normal,Vehicle with vehicle collision,Going straight,Driving carelessly,2
18-30,Male,2-5yr,Two-way (divided with broken lines road marking),Y Shape,Asphalt roads,Daylight,Normal,Vehicle with vehicle collision,Going straight,Changing lane to the left,2
Under 18,Male,Above 10yr,Undivided Two way,No junction,Asphalt roads,Daylight,Normal,Vehicle with vehicle collision,Going straight,Driving carelessly,1
Under 18,Male,5-10yr,Undivided Two way,No junction,Asphalt roads,Daylight,Normal,Collision with pedestrians,Going straight,Changing lane to the left,1
31-50,Male,Above 10yr,Undivided Two way,No junction,Asphalt roads,Daylight,Normal,Vehicle with vehicle collision,Going straight,No priority to vehicle,1
18-30,Unknown,2-5yr,other,Y Shape,Asphalt roads,Darkness - lights lit,Normal,Collision with roadside objects,Going straight,No distancing,2
31-50,Male,Below 1yr,Undivided Two way,Y Shape,Asphalt roads,Darkness - lights lit,Normal,Vehicle with vehicle collision,Going straight,Changing lane to the right,2
31-50,Male,Below 1yr,Two-way (divided with solid lines road marking),Y Shape,Asphalt roads,Darkness - lights lit,Normal,Vehicle with vehicle collision,Going straight,Changing lane to the right,2
18-30,Male,5-10yr,Two-way (divided with solid lines road marking),Y Shape,Asphalt roads,Darkness - lights lit,Normal,Vehicle with vehicle collision,Going straight,Driving at high speed,2
31-50,Male,2-5yr,Two-way (divided with solid lines road marking),Y Shape,Asphalt roads,Daylight,Normal,Vehicle with vehicle collision,Going straight,No distancing,2
31-50,Male,Below 1yr,Two-way (divided with solid lines road marking),Y Shape,Asphalt roads,Daylight,Normal,Vehicle with vehicle collision,Going straight,Changing lane to the right,2
Over 51,Male,2-5yr,Two-way (divided with broken lines road marking),No junction,Unknown,Darkness - lights lit,Other,Vehicle with vehicle collision,Going straight,Changing lane to the left,2
31-50,Male,5-10yr,Undivided Two way,No junction,Asphalt roads,Darkness - lights lit,Other,Vehicle with vehicle collision,Going straight,Getting off the vehicle improperly,2
18-30,Male,Above 10yr,Undivided Two way,Y Shape,Asphalt roads,Darkness - lights lit,Normal,Vehicle with vehicle collision,Going straight,Other,2
31-50,Male,Above 10yr,other,Y Shape,Asphalt roads,Darkness - lights lit,Normal,Vehicle with vehicle collision,Going straight,Other,2
18-30,Female,5-10yr,Undivided Two way,O Shape,Asphalt roads,Darkness - lights lit,Normal,Collision with roadside objects,Going straight,No distancing,1
31-50,Male,1-2yr,Two-way (divided with broken lines road marking),O Shape,Asphalt roads,Darkness - lights lit,Normal,Vehicle with vehicle collision,Going straight,No priority to vehicle,1
31-50,Unknown,5-10yr,Undivided Two way,Y Shape,Asphalt roads,Darkness - lights lit,Normal,Collision with roadside objects,Going straight,Overtaking,2
Under 18,Male,5-10yr,Undivided Two way,Y Shape,Asphalt roads,Darkness - lights lit,Normal,Vehicle with vehicle collision,Going straight,No priority to pedestrian,2
Unknown,Female,1-2yr,One way,No junction,Asphalt roads,Daylight,Normal,Vehicle with vehicle collision,Going straight,No distancing,2
18-30,Male,5-10yr,Two-way (divided with broken lines road marking),No junction,Asphalt roads,Daylight,Normal,Unknown,Going straight,Changing lane to the right,2
18-30,Male,Above 10yr,Undivided Two way,No junction,Asphalt roads,Darkness - lights lit,Normal,Collision with pedestrians,Going straight,Driving carelessly,2
18-30,Male,Below 1yr,Two-way (divided with broken lines road marking),No junction,Asphalt roads,Daylight,Normal,Vehicle with vehicle collision,Going straight,Changing lane to the right,1
31-50,Male,5-10yr,other,Y Shape,Asphalt roads,Daylight,Normal,Vehicle with vehicle collision,Going straight,Overtaking,1
31-50,Male,Above 10yr,Undivided Two way,Y Shape,Asphalt roads,Daylight,Normal,Vehicle with vehicle collision,Going straight,Other,1
Unknown,Female,Below 1yr,One way,Y Shape,Asphalt roads,Darkness - lights lit,Normal,Collision with pedestrians,Going straight,Driving to the left,1
18-30,Male,1-2yr,Undivided Two way,Y Shape,Asphalt roads,Darkness - lights lit,Normal,Collision with roadside objects,Going straight,Driving at high speed,1
Over 51,Male,Above 10yr,Undivided Two way,Y Shape,Asphalt roads,Daylight,Normal,Unknown,Going straight,Unknown,1
31-50,Male,Above 10yr,One way,Y Shape,Asphalt roads,Daylight,Normal,Vehicle with vehicle collision,Going straight,Changing lane to the right,1
Unknown,Female,Above 10yr,Undivided Two way,Y Shape,Asphalt roads,Darkness - lights lit,Other,Unknown,Unknown,No distancing,1
31-50,Male,No Licence,Two-way (divided with broken lines road marking),Y Shape,Asphalt roads,Darkness - lights lit,Other,Unknown,Going straight,Other,1
18-30,Male,1-2yr,Two-way (divided with broken lines road marking),Crossing,Asphalt roads,Daylight,Normal,Unknown,Going straight,No priority to vehicle,2
31-50,Male,1-2yr,other,Other,Asphalt roads,Daylight,Normal,Vehicle with vehicle collision,Reversing,Changing lane to the left,1
18-30,Male,Below 1yr,Double carriageway (median),Other,Asphalt roads,Daylight,Normal,Vehicle with vehicle collision,Going straight,No priority to pedestrian,1
Over 51,Male,1-2yr,Two-way (divided with broken lines road marking),Other,Asphalt roads,Daylight,Normal,Collision with roadside objects,Going straight,Overtaking,1
18-30,Male,2-5yr,Double carriageway (median),Other,Asphalt roads,Daylight,Normal,Collision with roadside objects,Going straight,Driving carelessly,1
Over 51,Male,5-10yr,Double carriageway (median),No junction,Asphalt roads,Daylight,Normal,Vehicle with vehicle collision,Going straight,No priority to vehicle,2
31-50,Male,Above 10yr,Double carriageway (median),No junction,Asphalt roads,Daylight,Normal,Vehicle with vehicle collision,Going straight,No priority to pedestrian,2
31-50,Male,2-5yr,Two-way (divided with broken lines road marking),No junction,Asphalt roads,Daylight,Normal,Vehicle with vehicle collision,Turnover,Changing lane to the right,2
31-50,Male,Above 10yr,Unknown,No junction,Asphalt roads,Daylight,Normal,Vehicle with vehicle collision,Going straight,Driving carelessly,2
31-50,Male,5-10yr,One way,No junction,Gravel roads,Daylight,Normal,Vehicle with vehicle collision,Going straight,Changing lane to the right,2
Under 18,Male,Unknown,Undivided Two way,No junction,Asphalt roads,Darkness - lights lit,Normal,Rollover,Going straight,Changing lane to the right,0
Under 18,Male,5-10yr,Unknown,No junction,Asphalt roads,Darkness - lights lit,Normal,Vehicle with vehicle collision,Going straight,Changing lane to the left,0
Under 18,Male,Below 1yr,Two-way (divided with broken lines road marking),No junction,Asphalt roads,Darkness - lights lit,Normal,Collision with roadside objects,Going straight,Overturning,0
18-30,Male,2-5yr,Two-way (divided with broken lines road marking),No junction,Asphalt roads,Darkness - lights lit,Normal,Collision with pedestrians,Going straight,Driving carelessly,0
Over 51,Male,2-5yr,Two-way (divided with broken lines road marking),No junction,Asphalt roads,Daylight,Normal,Vehicle with vehicle collision,Turnover,No distancing,2
18-30,Male,2-5yr,Two-way (divided with broken lines road marking),No junction,Asphalt roads,Daylight,Normal,Vehicle with vehicle collision,Going straight,Driving carelessly,2
18-30,Male,2-5yr,Undivided Two way,No junction,Asphalt roads,Daylight,Normal,Vehicle with vehicle collision,Going straight,Changing lane to the left,2