age,sex,exp,medians,junction,surface,light,weather,collision,car_movement,acc_cause,severity
Unknown,Male,Unknown,other,Crossing,Asphalt roads,Darkness - lights lit,Normal,Vehicle with vehicle collision,Going straight,Changing lane to the right,2
31-50,Male,Above 10yr,Two-way (divided with broken lines road marking),Y Shape,Asphalt roads,Daylight,Normal,Vehicle with vehicle collision,Going straight,Moving Backward,2
31-50,Male,Below 1yr,Double carriageway (median),Y Shape,Asphalt roads,Daylight,Normal,Collision with roadside objects,Going straight,No distancing,2
31-50,Male,2-5yr,Undivided Two way,Crossing,Asphalt roads,Darkness - lights lit,Raining,Vehicle with vehicle collision,Other,Driving to the left,2
31-50,Male,1-2yr,Two-way (divided with broken lines road marking),Crossing,Asphalt roads,Darkness - lights lit,Raining,Vehicle with vehicle collision,Going straight,Driving to the left,2
Unknown,Male,5-10yr,Two-way (divided with broken lines road marking),Y Shape,Asphalt roads,Darkness - lights lit,Normal,Vehicle with vehicle collision,Getting off,Moving Backward,2
Unknown,Female,2-5yr,One way,Crossing,Asphalt roads,Darkness - lights lit,Normal,Vehicle with vehicle collision,Going straight,Moving Backward,2
18-30,Male,2-5yr,Double carriageway (median),Crossing,Asphalt roads,Darkness - lights lit,Normal,Vehicle with vehicle collision,Going straight,Overtaking,2
Unknown,Female,2-5yr,Two-way (divided with broken lines road marking),Y Shape,Asphalt roads,Daylight,Normal,Vehicle with vehicle collision,Going straight,Driving carelessly,2
31-50,Male,Above 10yr,Double carriageway (median),Y Shape,Asphalt roads,Darkness - lights lit,Normal,Vehicle with vehicle collision,Going straight,Changing lane to the left,2
31-50,Male,2-5yr,Undivided Two way,Y Shape,Asphalt roads,Darkness - lights lit,Normal,Vehicle with vehicle collision,Going straight,Driving under the influence of drugs,2
Unknown,Male,1-2yr,Two-way (divided with broken lines road marking),No junction,Asphalt roads,Daylight,Normal,Vehicle with vehicle collision,Going straight,No distancing,2
31-50,Male,2-5yr,other,Y Shape,Asphalt roads,Darkness - no lighting,Normal,Vehicle with vehicle collision,Moving Backward,Moving Backward,2
31-50,Male,5-10yr,other,Y Shape,Asphalt roads,Darkness - no lighting,Normal,Vehicle with vehicle collision,Going straight,Changing lane to the left,2
Over 51,Male,1-2yr,Two-way (divided with broken lines road marking),Y Shape,Asphalt roads,Daylight,Normal,Vehicle with vehicle collision,Other,Changing lane to the right,2
18-30,Male,1-2yr,other,Y Shape,Asphalt roads,Daylight,Normal,Vehicle with vehicle collision,Going straight,No distancing,2
Unknown,Male,2-5yr,Two-way (divided with broken lines road marking),Y Shape,Asphalt roads,Daylight,Normal,Vehicle with vehicle collision,Going straight,Driving at high speed,2
18-30,Male,Above 10yr,Two-way (divided with broken lines road marking),Y Shape,Asphalt roads,Daylight,Normal,Vehicle with vehicle collision,Going straight,Changing lane to the right,2
Unknown,Male,Below 1yr,Two-way (divided with broken lines road marking),No junction,Asphalt roads,Darkness - lights lit,Normal,Collision with roadside objects,Going straight,No priority to vehicle,2
18-30,Male,Above 10yr,Undivided Two way,No junction,Asphalt roads,Darkness - lights lit,Normal,Vehicle with vehicle collision,Unknown,No distancing,2
31-50,Male,5-10yr,Two-way (divided with broken lines road marking),Crossing,Asphalt roads,Darkness - lights lit,Normal,Vehicle with vehicle collision,Moving Backward,Turnover,2
18-30,Male,Above 10yr,Two-way (divided with broken lines road marking),Crossing,Asphalt roads,Darkness - lights lit,Normal,Vehicle with vehicle collision,Unknown,No distancing,2
Under 18,Male,1-2yr,Undivided Two way,Crossing,Asphalt roads,Darkness - lights lit,Normal,Vehicle with vehicle collision,Going straight,Changing lane to the right,2
Unknown,Male,Unknown,Undivided Two way,Crossing,Earth roads,Darkness - lights lit,Normal,Collision with pedestrians,Going straight,No distancing,2
31-50,Male,5-10yr,Two-way (divided with broken lines road marking),Crossing,Asphalt roads,Darkness - no lighting,Normal,Vehicle with vehicle collision,Unknown,Changing lane to the left,2
31-50,Male,2-5yr,Two-way (divided with broken lines road marking),Crossing,Unknown,Darkness - no lighting,Normal,Vehicle with vehicle collision,Going straight,Driving carelessly,2
Over 51,Male,Unknown,Unknown,Crossing,Unknown,Darkness - lights lit,Raining,Vehicle with vehicle collision,Going straight,Changing lane to the right,2
18-30,Male,Unknown,Undivided Two way,Crossing,Asphalt roads,Darkness - lights lit,Raining,Vehicle with vehicle collision,Going straight,No priority to vehicle,2
31-50,Male,1-2yr,other,No junction,Earth roads,Darkness - lights lit,Normal,Vehicle with vehicle collision,Going straight,No distancing,1
31-50,Male,1-2yr,other,No junction,Asphalt roads,Darkness - lights lit,Normal,Vehicle with vehicle collision,Going straight,No priority to pedestrian,1
31-50,Male,1-2yr,other,Y Shape,Asphalt roads,Darkness - lights lit,Other,Vehicle with vehicle collision,Going straight,No priority to pedestrian,2
31-50,Male,Above 10yr,Unknown,Crossing,Earth roads,Daylight,Normal,Vehicle with vehicle collision,Going straight,No priority to vehicle,2
18-30,Male,1-2yr,Undivided Two way,Crossing,Asphalt roads,Daylight,Normal,Collision with pedestrians,Other,Changing lane to the left,2
Unknown,Male,Above 10yr,other,Crossing,Asphalt roads,Daylight,Normal,Vehicle with vehicle collision,Going straight,Changing lane to the left,2
18-30,Male,Above 10yr,other,Y Shape,Asphalt roads,Darkness - lights lit,Raining,Vehicle with vehicle collision,Going straight,No distancing,2
31-50,Male,1-2yr,Undivided Two way,Y Shape,Asphalt roads,Darkness - lights lit,Raining,Vehicle with vehicle collision,Going straight,No priority to vehicle,2
31-50,Male,1-2yr,other,Crossing,Asphalt roads,Daylight,Normal,Vehicle with vehicle collision,Going straight,No distancing,2
Over 51,Male,2-5yr,Undivided Two way,Crossing,Asphalt roads,Daylight,Normal,Collision with roadside objects,Going straight,No distancing,2
31-50,Male,2-5yr,Double carriageway (median),Other,Asphalt roads,Darkness - lights lit,Normal,Vehicle with vehicle collision,Going straight,Changing lane to the right,2
18-30,Male,1-2yr,other,Other,Asphalt roads,Darkness - lights lit,Normal,Vehicle with vehicle collision,Moving Backward,Changing lane to the left,2
Under 18,Male,5-10yr,Undivided Two way,Crossing,Asphalt roads,Darkness - lights lit,Raining,Vehicle with vehicle collision,Going straight,No distancing,2
31-50,Male,5-10yr,One way,Crossing,Asphalt roads,Darkness - lights lit,Raining,Vehicle with vehicle collision,Going straight,Overturning,2
31-50,Male,1-2yr,Undivided Two way,Y Shape,Asphalt roads,Darkness - lights lit,Raining,Vehicle with vehicle collision,Going straight,No priority to vehicle,2
31-50,Male,5-10yr,other,Y Shape,Asphalt roads,Darkness - lights lit,Normal,Vehicle with vehicle collision,Going straight,Moving Backward,2
31-50,Male,2-5yr,other,Y Shape,Asphalt roads with some distress,Darkness - lights lit,Normal,Vehicle with vehicle collision,Going straight,Driving under the influence of drugs,2
Unknown,Male,5-10yr,One way,Crossing,Asphalt roads,Darkness - lights lit,Normal,Collision with roadside objects,Going straight,Moving Backward,2
Over 51,Male,Above 10yr,One way,Crossing,Asphalt roads,Darkness - lights lit,Normal,Vehicle with vehicle collision,Going straight,Changing lane to the right,2
Over 51,Male,Above 10yr,Undivided Two way,Crossing,Asphalt roads,Darkness - lights lit,Normal,Vehicle with vehicle collision,Going straight,Overspeed,2
Over 51,Male,2-5yr,other,Crossing,Asphalt roads,Darkness - lights lit,Normal,Vehicle with vehicle collision,Going straight,Driving under the influence of drugs,2
Over 51,Male,5-10yr,Undivided Two way,Crossing,Asphalt roads,Darkness - lights lit,Normal,Vehicle with vehicle collision,Going straight,Driving carelessly,2
Unknown,Female,1-2yr,other,Crossing,Asphalt roads,Darkness - lights lit,Normal,Rollover,Going straight,No distancing,2
31-50,Male,Above 10yr,other,Y Shape,Asphalt roads,Daylight,Normal,Vehicle with vehicle collision,Going straight,No priority to vehicle,2
18-30,Male,5-10yr,Double carriageway (median),Y Shape,Asphalt roads,Daylight,Normal,Vehicle with vehicle collision,Other,Overspeed,2
18-30,Male,2-5yr,Undivided Two way,No junction,Asphalt roads,Darkness - lights lit,Normal,Collision with roadside objects,Going straight,Driving under the influence of drugs,2
Unknown,Male,Above 10yr,other,No junction,Asphalt roads,Darkness - lights lit,Normal,Vehicle with vehicle collision,Going straight,Changing lane to the right,2
18-30,Male,2-5yr,other,No junction,Asphalt roads,Daylight,Normal,Vehicle with vehicle collision,Going straight,Changing lane to the right,2
31-50,Male,Above 10yr,Two-way (divided with solid lines road marking),No junction,Asphalt roads,Daylight,Normal,Vehicle with vehicle collision,Going straight,Changing lane to the right,2
Over 51,Male,Above 10yr,Undivided Two way,Crossing,Asphalt roads,Darkness - lights unlit,Raining,Collision with roadside objects,Going straight,Changing lane to the right,2
Under 18,Male,2-5yr,Undivided Two way,Crossing,Asphalt roads,Darkness - lights unlit,Raining,Collision with roadside objects,Going straight,Moving Backward,2
18-30,Male,Above 10yr,other,Y Shape,Asphalt roads,Darkness - lights lit,Windy,Vehicle with vehicle collision,Going straight,No distancing,2
Unknown,Male,Above 10yr,Undivided Two way,Y Shape,Asphalt roads,Darkness - lights lit,Windy,Vehicle with vehicle collision,Other,Overspeed,2
18-30,Male,Below 1yr,Undivided Two way,No junction,Asphalt roads,Darkness - lights lit,Normal,Collision with roadside objects,Going straight,No distancing,2
Unknown,Male,Above 10yr,Double carriageway (median),No junction,Asphalt roads,Darkness - lights lit,Normal,Collision with roadside objects,Going straight,Driving carelessly,2
Over 51,Male,Above 10yr,Undivided Two way,Y Shape,Asphalt roads,Darkness - lights lit,Normal,Vehicle with vehicle collision,Going straight,No distancing,2
31-50,Male,5-10yr,other,Y Shape,Gravel roads,Daylight,Normal,Vehicle with vehicle collision,Going straight,No distancing,2
Unknown,Male,Unknown,other,Y Shape,Asphalt roads,Daylight,Normal,Vehicle with vehicle collision,Going straight,No distancing,2
31-50,Male,5-10yr,other,Y Shape,Asphalt roads,Darkness - lights lit,Normal,Collision with roadside objects,Going straight,Changing lane to the right,2
Unknown,Female,5-10yr,other,Y Shape,Asphalt roads,Darkness - lights lit,Normal,Vehicle with vehicle collision,Going straight,No distancing,2
Under 18,Male,Below 1yr,Undivided Two way,Crossing,Asphalt roads,Darkness - lights lit,Normal,Collision with roadside-parked vehicles,Going straight,No priority to vehicle,2
Unknown,Male,5-10yr,Two-way (divided with broken lines road marking),Crossing,Asphalt roads,Darkness - lights lit,Normal,Vehicle with vehicle collision,Going straight,Changing lane to the left,2
Under 18,Male,2-5yr,Two-way (divided with broken lines road marking),Crossing,Asphalt roads,Daylight,Normal,Collision with roadside objects,Moving Backward,Moving Backward,2
Under 18,Male,2-5yr,Undivided Two way,Crossing,Asphalt roads,Daylight,Normal,Vehicle with vehicle collision,Going straight,Driving carelessly,2
Under 18,Male,2-5yr,Undivided Two way,Y Shape,Asphalt roads,Darkness - lights lit,Normal,Vehicle with vehicle collision,Going straight,Changing lane to the left,2
Unknown,Female,2-5yr,Two-way (divided with broken lines road marking),Y Shape,Asphalt roads,Darkness - lights lit,Normal,Vehicle with vehicle collision,Going straight,No priority to pedestrian,2
Over 51,Male,Above 10yr,Two-way (divided with broken lines road marking),Y Shape,Asphalt roads,Darkness - lights lit,Normal,Vehicle with vehicle collision,Going straight,No distancing,2
Unknown,Male,2-5yr,Undivided Two way,Y Shape,Asphalt roads,Darkness - lights lit,Normal,Vehicle with vehicle collision,Moving Backward,No distancing,2
Unknown,Male,1-2yr,Two-way (divided with broken lines road marking),Crossing,Asphalt roads,Darkness - lights lit,Normal,Collision with roadside-parked vehicles,Going straight,Overturning,2
18-30,Male,2-5yr,Undivided Two way,Crossing,Asphalt roads,Darkness - lights lit,Normal,Collision with roadside-parked vehicles,Other,No distancing,2
18-30,Male,1-2yr,Double carriageway (median),Crossing,Asphalt roads,Darkness - lights lit,Normal,Collision with animals,Other,Drunk driving,2
Unknown,Male,5-10yr,Two-way (divided with broken lines road marking),Crossing,Gravel roads,Darkness - lights lit,Normal,Collision with animals,Going straight,Moving Backward,2
Over 51,Male,5-10yr,Two-way (divided with broken lines road marking),No junction,Asphalt roads,Daylight,Normal,Collision with animals,Going straight,No priority to pedestrian,2
31-50,Male,2-5yr,Undivided Two way,Y Shape,Asphalt roads,Darkness - lights lit,Normal,Collision with animals,Going straight,Changing lane to the left,2
31-50,Male,Below 1yr,Two-way (divided with broken lines road marking),No junction,Asphalt roads,Darkness - lights lit,Normal,Collision with animals,Going straight,Changing lane to the left,2
31-50,Male,Unknown,Double carriageway (median),No junction,Asphalt roads,Darkness - lights lit,Normal,Collision with animals,Other,Getting off the vehicle improperly,2
18-30,Male,Above 10yr,Two-way (divided with broken lines road marking),No junction,Earth roads,Daylight,Normal,Collision with animals,Going straight,No distancing,2
31-50,Male,1-2yr,Two-way (divided with broken lines road marking),Y Shape,Asphalt roads,Darkness - lights lit,Normal,Collision with animals,Getting off,Changing lane to the right,2
31-50,Male,5-10yr,Unknown,Y Shape,Asphalt roads,Darkness - lights lit,Normal,Collision with animals,Going straight,Changing lane to the right,2
18-30,Male,1-2yr,Double carriageway (median),Y Shape,Unknown,Darkness - lights lit,Normal,Collision with animals,Going straight,Moving Backward,2
Unknown,Male,Above 10yr,Two-way (divided with broken lines road marking),Y Shape,Gravel roads,Darkness - lights lit,Normal,Collision with animals,Going straight,Driving at high speed,2
Over 51,Male,Below 1yr,Two-way (divided with broken lines road marking),Y Shape,Asphalt roads,Darkness - lights lit,Raining,Collision with animals,Going straight,Changing lane to the left,2
Over 51,Male,2-5yr,One way,Y Shape,Unknown,Darkness - lights lit,Raining,Other,Going straight,Changing lane to the right,2
18-30,Male,5-10yr,Undivided Two way,Y Shape,Asphalt roads,Darkness - lights lit,Raining,Rollover,Going straight,No distancing,2
18-30,Male,5-10yr,Undivided Two way,Y Shape,Earth roads,Darkness - lights lit,Raining,Collision with animals,Moving Backward,Changing lane to the right,2
18-30,Male,1-2yr,other,Y Shape,Asphalt roads,Daylight,Normal,Rollover,Going straight,Changing lane to the right,2
Under 18,Male,5-10yr,Two-way (divided with broken lines road marking),Y Shape,Asphalt roads,Daylight,Normal,Collision with animals,Other,No distancing,2
31-50,Male,Unknown,Undivided Two way,O Shape,Asphalt roads,Daylight,Normal,Collision with animals,Going straight,Changing lane to the right,1
31-50,Male,2-5yr,Two-way (divided with broken lines road marking),Y Shape,Asphalt roads,Daylight,Normal,Vehicle with vehicle collision,Going straight,Driving carelessly,2
31-50,Male,1-2yr,Double carriageway (median),Crossing,Asphalt roads,Darkness - lights lit,Normal,Fall from vehicles,Going straight,Driving carelessly,2
31-50,Male,5-10yr,Undivided Two way,Crossing,Earth roads,Darkness - lights lit,Normal,Collision with roadside-parked vehicles,Going straight,Changing lane to the right,2
31-50,Male,2-5yr,Undivided Two way,Y Shape,Asphalt roads,Darkness - lights lit,Normal,Collision with roadside-parked vehicles,Unknown,Overturning,2
Over 51,Male,No Licence,Two-way (divided with broken lines road marking),Y Shape,Asphalt roads,Darkness - lights lit,Normal,Rollover,Moving Backward,Changing lane to the right,2
18-30,Male,Above 10yr,Double carriageway (median),Y Shape,Asphalt roads,Daylight,Normal,Collision with animals,Unknown,Moving Backward,2
Unknown,Male,Above 10yr,Undivided Two way,Y Shape,Asphalt roads,Daylight,Normal,Collision with animals,Going straight,No distancing,2
18-30,Male,5-10yr,other,Y Shape,Asphalt roads,Daylight,Normal,Fall from vehicles,Going straight,Overturning,2
Unknown,Male,2-5yr,Two-way (divided with broken lines road marking),Y Shape,Asphalt roads,Daylight,Normal,Collision with roadside-parked vehicles,Unknown,Driving carelessly,2
18-30,Male,2-5yr,Undivided Two way,No junction,Asphalt roads,Darkness - lights lit,Normal,Collision with animals,Going straight,Changing lane to the right,2
18-30,Male,Below 1yr,Undivided Two way,No junction,Asphalt roads,Darkness - lights lit,Normal,Collision with animals,Going straight,Driving at high speed,2
31-50,Male,Above 10yr,Double carriageway (median),O Shape,Asphalt roads,Darkness - lights lit,Normal,Collision with pedestrians,Going straight,Changing lane to the left,2
Unknown,Male,Above 10yr,Undivided Two way,O Shape,Asphalt roads,Darkness - lights lit,Normal,Vehicle with vehicle collision,Going straight,Driving carelessly,2
Over 51,Male,2-5yr,Undivided Two way,Crossing,Asphalt roads,Darkness - lights lit,Normal,Vehicle with vehicle collision,Going straight,No distancing,2
Unknown,Male,2-5yr,other,Crossing,Earth roads,Darkness - lights lit,Normal,Collision with pedestrians,Going straight,Moving Backward,2
Over 51,Male,Above 10yr,Two-way (divided with broken lines road marking),No junction,Asphalt roads,Darkness - lights lit,Normal,Vehicle with vehicle collision,Going straight,No priority to pedestrian,2
18-30,Male,5-10yr,Two-way (divided with broken lines road marking),No junction,Asphalt roads,Darkness - lights lit,Normal,Collision with roadside objects,Other,Moving Backward,2
18-30,Male,Below 1yr,Undivided Two way,Y Shape,Asphalt roads,Daylight,Normal,Vehicle with vehicle collision,Going straight,Changing lane to the right,2
18-30,Male,Below 1yr,Double carriageway (median),Y Shape,Asphalt roads,Daylight,Normal,Vehicle with vehicle collision,Going straight,No distancing,2
31-50,Male,Below 1yr,Double carriageway (median),Y Shape,Other,Daylight,Normal,Vehicle with vehicle collision,Going straight,Drunk driving,2
Under 18,Male,5-10yr,Two-way (divided with broken lines road marking),No junction,Gravel roads,Darkness - lights lit,Normal,Rollover,Going straight,Changing lane to the right,2
31-50,Male,5-10yr,Two-way (divided with broken lines road marking),No junction,Gravel roads,Darkness - lights lit,Normal,Vehicle with vehicle collision,Going straight,Driving carelessly,2
Over 51,Male,5-10yr,Two-way (divided with broken lines road marking),Y Shape,Asphalt roads,Darkness - lights lit,Normal,Vehicle with vehicle collision,Going straight,Driving to the left,2
Unknown,Male,5-10yr,Two-way (divided with broken lines road marking),Y Shape,Asphalt roads,Darkness - lights lit,Normal,Vehicle with vehicle collision,Moving Backward,Changing lane to the right,2
18-30,Male,2-5yr,Double carriageway (median),Crossing,Earth roads,Darkness - lights lit,Normal,Collision with pedestrians,Going straight,Changing lane to the right,1
31-50,Male,5-10yr,Double carriageway (median),Crossing,Asphalt roads,Darkness - lights lit,Normal,Vehicle with vehicle collision,Going straight,Driving carelessly,1
18-30,Male,2-5yr,Two-way (divided with broken lines road marking),Y Shape,Asphalt roads,Darkness - lights lit,Other,Collision with roadside objects,Going straight,Changing lane to the left,2
Unknown,Male,Below 1yr,Two-way (divided with broken lines road marking),Y Shape,Asphalt roads,Darkness - lights lit,Other,Vehicle with vehicle collision,Going straight,No priority to vehicle,2
18-30,Male,2-5yr,Two-way (divided with broken lines road marking),Y Shape,Asphalt roads,Daylight,Normal,Rollover,Going straight,Driving carelessly,2
Under 18,Male,2-5yr,other,Y Shape,Earth roads,Daylight,Normal,Vehicle with vehicle collision,Going straight,Changing lane to the right,2
18-30,Male,2-5yr,Two-way (divided with broken lines road marking),Crossing,Asphalt roads,Darkness - lights lit,Other,Vehicle with vehicle collision,Going straight,Driving carelessly,2
18-30,Male,5-10yr,Two-way (divided with broken lines road marking),Crossing,Asphalt roads,Darkness - lights lit,Other,Vehicle with vehicle collision,Getting off,Driving under the influence of drugs,2
18-30,Male,5-10yr,Two-way (divided with broken lines road marking),Crossing,Asphalt roads,Daylight,Normal,Vehicle with vehicle collision,Going straight,No distancing,2
31-50,Male,Unknown,Two-way (divided with broken lines road marking),Crossing,Asphalt roads,Daylight,Normal,Vehicle with vehicle collision,Going straight,Changing lane to the left,2
31-50,Male,5-10yr,Unknown,Crossing,Asphalt roads,Daylight,Normal,Collision with roadside objects,Turnover,No priority to vehicle,2
31-50,Male,2-5yr,Two-way (divided with broken lines road marking),No junction,Asphalt roads,Daylight,Normal,Vehicle with vehicle collision,Moving Backward,Moving Backward,2
Over 51,Male,Below 1yr,Undivided Two way,Crossing,Asphalt roads,Daylight,Normal,Vehicle with vehicle collision,Going straight,Moving Backward,2
Unknown,Male,1-2yr,Undivided Two way,Crossing,Asphalt roads,Daylight,Normal,Collision with roadside objects,Moving Backward,No distancing,2
Under 18,Male,Below 1yr,One way,Crossing,Asphalt roads,Daylight,Normal,Collision with roadside objects,Going straight,Changing lane to the right,2
31-50,Male,Above 10yr,Two-way (divided with broken lines road marking),Crossing,Asphalt roads,Daylight,Normal,Vehicle with vehicle collision,Unknown,Changing lane to the right,2
31-50,Male,Below 1yr,One way,Crossing,Earth roads,Daylight,Normal,Vehicle with vehicle collision,Going straight,Moving Backward,2
Unknown,Male,2-5yr,Two-way (divided with broken lines road marking),Crossing,Asphalt roads,Daylight,Normal,Vehicle with vehicle collision,Unknown,Driving carelessly,2
31-50,Male,1-2yr,Double carriageway (median),Crossing,Asphalt roads,Darkness - lights lit,Normal,Vehicle with vehicle collision,Going straight,Driving under the influence of drugs,2
Unknown,Female,5-10yr,Unknown,Y Shape,Asphalt roads,Daylight,Normal,Collision with roadside objects,Unknown,No distancing,2
Unknown,Male,Below 1yr,Unknown,Crossing,Asphalt roads,Daylight,Normal,Vehicle with vehicle collision,Going straight,No distancing,2
18-30,Male,Below 1yr,other,Crossing,Earth roads,Daylight,Normal,Vehicle with vehicle collision,Going straight,No priority to vehicle,2
Over 51,Male,Below 1yr,Unknown,Y Shape,Asphalt roads,Daylight,Normal,Vehicle with vehicle collision,Going straight,Driving to the left,2
31-50,Male,1-2yr,One way,Y Shape,Asphalt roads,Daylight,Normal,Vehicle with vehicle collision,Going straight,No priority to vehicle,2
18-30,Male,5-10yr,Undivided Two way,Crossing,Asphalt roads,Darkness - lights lit,Normal,Vehicle with vehicle collision,Going straight,No priority to vehicle,2
18-30,Male,2-5yr,Two-way (divided with broken lines road marking),Crossing,Asphalt roads,Darkness - lights lit,Normal,Vehicle with vehicle collision,Other,No priority to vehicle,2
Unknown,Male,Below 1yr,Two-way (divided with broken lines road marking),Crossing,Asphalt roads,Darkness - lights lit,Normal,Collision with roadside objects,Other,No distancing,2
18-30,Male,5-10yr,Two-way (divided with broken lines road marking),No junction,Asphalt roads,Daylight,Normal,Vehicle with vehicle collision,Going straight,Moving Backward,2
31-50,Male,5-10yr,Two-way (divided with broken lines road marking),Y Shape,Asphalt roads,Daylight,Normal,Collision with pedestrians,Going straight,Changing lane to the right,2
31-50,Male,5-10yr,other,Y Shape,Asphalt roads,Daylight,Normal,Collision with roadside objects,Getting off,Driving carelessly,2
31-50,Male,2-5yr,other,Y Shape,Other,Darkness - lights lit,Normal,Collision with roadside objects,Going straight,Changing lane to the left,2
Unknown,Male,Above 10yr,Two-way (divided with broken lines road marking),Y Shape,Asphalt roads,Darkness - lights lit,Normal,Vehicle with vehicle collision,Going straight,No distancing,2
Under 18,Male,5-10yr,Undivided Two way,Y Shape,Asphalt roads,Darkness - lights lit,Normal,Rollover,Going straight,Changing lane to the right,2
18-30,Male,Above 10yr,other,Y Shape,Asphalt roads,Darkness - lights lit,Normal,Vehicle with vehicle collision,Going straight,Driving under the influence of drugs,2
31-50,Male,2-5yr,other,Y Shape,Asphalt roads,Darkness - lights lit,Normal,Vehicle with vehicle collision,Going straight,No distancing,1
Over 51,Male,Below 1yr,Undivided Two way,Y Shape,Asphalt roads,Daylight,Normal,Vehicle with vehicle collision,Getting off,Overturning,2
Unknown,Female,Below 1yr,other,Y Shape,Asphalt roads,Daylight,Normal,Vehicle with vehicle collision,Going straight,No distancing,2
18-30,Male,5-10yr,Undivided Two way,Y Shape,Asphalt roads,Darkness - lights lit,Normal,Vehicle with vehicle collision,Going straight,Changing lane to the right,2
31-50,Male,2-5yr,Undivided Two way,Y Shape,Earth roads,Darkness - lights lit,Normal,Vehicle with vehicle collision,Other,No priority to vehicle,2
18-30,Male,Below 1yr,Double carriageway (median),No junction,Asphalt roads,Darkness - lights lit,Normal,Vehicle with vehicle collision,Going straight,Changing lane to the right,2
18-30,Male,2-5yr,other,No junction,Asphalt roads,Darkness - lights lit,Normal,Vehicle with vehicle collision,Going straight,Changing lane to the left,2
31-50,Male,5-10yr,Two-way (divided with broken lines road marking),Y Shape,Asphalt roads,Daylight,Normal,Collision with roadside objects,Going straight,No distancing,2
18-30,Male,Above 10yr,other,Y Shape,Asphalt roads,Daylight,Normal,Vehicle with vehicle collision,Going straight,No priority to pedestrian,2
31-50,Male,Above 10yr,other,Y Shape,Asphalt roads,Daylight,Normal,Vehicle with vehicle collision,Going straight,Driving carelessly,2
18-30,Male,5-10yr,Two-way (divided with broken lines road marking),Y Shape,Asphalt roads,Daylight,Normal,Vehicle with vehicle collision,Reversing,No distancing,2
Unknown,Female,1-2yr,other,Y Shape,Asphalt roads,Daylight,Normal,Vehicle with vehicle collision,Other,Driving carelessly,2
Unknown,Male,5-10yr,Undivided Two way,Y Shape,Asphalt roads,Daylight,Normal,Collision with pedestrians,Going straight,Driving carelessly,2
Unknown,Male,5-10yr,Undivided Two way,Y Shape,Asphalt roads,Daylight,Normal,Vehicle with vehicle collision,Going straight,Moving Backward,2
Unknown,Female,1-2yr,Two-way (divided with broken lines road marking),Crossing,Asphalt roads,Darkness - lights lit,Normal,Vehicle with vehicle collision,Going straight,Overtaking,2
18-30,Male,5-10yr,Undivided Two way,Crossing,Asphalt roads,Darkness - lights lit,Normal,Vehicle with vehicle collision,Going straight,No priority to vehicle,2
18-30,Male,Above 10yr,Double carriageway (median),Crossing,Asphalt roads,Darkness - lights lit,Normal,Vehicle with vehicle collision,Going straight,No priority to vehicle,1
31-50,Male,Below 1yr,other,Crossing,Asphalt roads,Darkness - lights lit,Normal,Vehicle with vehicle collision,Going straight,Changing lane to the left,1
31-50,Male,5-10yr,Two-way (divided with broken lines road marking),No junction,Asphalt roads,Daylight,Normal,Vehicle with vehicle collision,Going straight,No priority to vehicle,2
31-50,Male,Above 10yr,Two-way (divided with broken lines road marking),No junction,Asphalt roads,Daylight,Normal,Collision with roadside objects,Going straight,No distancing,2
31-50,Male,Below 1yr,Undivided Two way,Y Shape,Earth roads,Darkness - lights lit,Raining,Vehicle with vehicle collision,Going straight,Moving Backward,1
31-50,Male,1-2yr,Undivided Two way,Y Shape,Asphalt roads,Darkness - lights lit,Raining,Vehicle with vehicle collision,Moving Backward,Changing lane to the right,1
31-50,Male,Above 10yr,Undivided Two way,Y Shape,Unknown,Darkness - lights lit,Normal,Vehicle with vehicle collision,Moving Backward,No distancing,2
18-30,Male,Above 10yr,Two-way (divided with broken lines road marking),Y Shape,Asphalt roads,Darkness - lights lit,Normal,Vehicle with vehicle collision,Turnover,Overtaking,2
Unknown,Female,Above 10yr,other,Y Shape,Asphalt roads,Darkness - lights lit,Normal,Vehicle with vehicle collision,Other,No distancing,2
18-30,Male,No Licence,Unknown,Crossing,Asphalt roads,Daylight,Normal,Vehicle with vehicle collision,Other,Changing lane to the left,2
Unknown,Female,1-2yr,Double carriageway (median),Y Shape,Asphalt roads,Darkness - lights lit,Normal,Vehicle with vehicle collision,Going straight,Driving under the influence of drugs,2
18-30,Male,1-2yr,Two-way (divided with broken lines road marking),No junction,Asphalt roads,Darkness - lights lit,Normal,Vehicle with vehicle collision,Going straight,No distancing,2
31-50,Male,Below 1yr,Two-way (divided with broken lines road marking),No junction,Asphalt roads,Darkness - lights lit,Normal,Rollover,Other,No distancing,2
18-30,Male,1-2yr,Two-way (divided with broken lines road marking),Y Shape,Asphalt roads,Daylight,Normal,Vehicle with vehicle collision,Other,Changing lane to the right,2
Unknown,Female,2-5yr,Unknown,Y Shape,Asphalt roads,Daylight,Normal,Vehicle with vehicle collision,Going straight,Changing lane to the left,2
Over 51,Male,5-10yr,Two-way (divided with broken lines road marking),Crossing,Asphalt roads,Daylight,Normal,Vehicle with vehicle collision,Reversing,Moving Backward,1
31-50,Male,Above 10yr,Double carriageway (median),Unknown,Gravel roads,Darkness - lights lit,Normal,Collision with roadside objects,Other,No distancing,2