age,sex,exp,medians,junction,surface,light,weather,collision,car_movement,acc_cause,severity
31-50,Male,Above 10yr,other,Y Shape,Asphalt roads,Daylight,Normal,Collision with roadside objects,Other,Other,2
31-50,Male,1-2yr,other,Y Shape,Asphalt roads,Daylight,Normal,Vehicle with vehicle collision,Unknown,No priority to vehicle,2
31-50,Male,5-10yr,Two-way (divided with broken lines road marking),Y Shape,Asphalt roads,Daylight,Normal,Vehicle with vehicle collision,Going straight,Changing lane to the right,2
18-30,Male,5-10yr,other,Crossing,Asphalt roads,Daylight,Normal,Vehicle with vehicle collision,Turnover,Moving Backward,2
31-50,Male,Below 1yr,Two-way (divided with broken lines road marking),Y Shape,Asphalt roads,Darkness - lights lit,Normal,Rollover,Going straight,Changing lane to the left,2
31-50,Male,Unknown,Undivided Two way,Y Shape,Asphalt roads,Darkness - lights lit,Normal,Vehicle with vehicle collision,Moving Backward,No priority to pedestrian,2
Unknown,Female,Above 10yr,Two-way (divided with broken lines road marking),Y Shape,Asphalt roads,Darkness - lights lit,Normal,Vehicle with vehicle collision,Moving Backward,No distancing,2
18-30,Male,Unknown,Undivided Two way,No junction,Asphalt roads,Darkness - lights lit,Normal,Collision with pedestrians,Going straight,No priority to vehicle,2
Unknown,Male,1-2yr,Undivided Two way,No junction,Asphalt roads,Darkness - lights lit,Normal,Vehicle with vehicle collision,Other,No distancing,2
18-30,Male,2-5yr,Undivided Two way,No junction,Asphalt roads,Darkness - lights lit,Normal,Vehicle with vehicle collision,Going straight,No distancing,2
Unknown,Male,unknown,Two-way (divided with broken lines road marking),No junction,Asphalt roads,Darkness - lights lit,Normal,Vehicle with vehicle collision,Going straight,Moving Backward,2
Unknown,Male,Above 10yr,Undivided Two way,Crossing,Asphalt roads,Darkness - lights lit,Normal,Vehicle with vehicle collision,Going straight,Changing lane to the right,2
31-50,Male,2-5yr,Double carriageway (median),Crossing,Asphalt roads,Darkness - lights lit,Normal,Collision with roadside objects,Going straight,No priority to pedestrian,2
18-30,Male,5-10yr,Two-way (divided with broken lines road marking),No junction,Asphalt roads,Daylight,Normal,Vehicle with vehicle collision,Going straight,Moving Backward,2
31-50,Male,2-5yr,Two-way (divided with broken lines road marking),Crossing,Asphalt roads,Daylight,Normal,Vehicle with vehicle collision,Going straight,Getting off the vehicle improperly,2
31-50,Male,1-2yr,Two-way (divided with broken lines road marking),Crossing,Asphalt roads,Daylight,Normal,Vehicle with vehicle collision,Going straight,Overtaking,2
Over 51,Male,5-10yr,One way,No junction,Asphalt roads,Daylight,Normal,Vehicle with vehicle collision,Going straight,Overloading,2
31-50,Male,2-5yr,Two-way (divided with broken lines road marking),No junction,Asphalt roads,Daylight,Normal,Collision with roadside objects,Other,Changing lane to the right,2
31-50,Male,5-10yr,Two-way (divided with broken lines road marking),No junction,Asphalt roads,Daylight,Normal,Vehicle with vehicle collision,Going straight,Improper parking,2
Over 51,Male,5-10yr,Two-way (divided with broken lines road marking),Crossing,Asphalt roads,Daylight,Normal,Collision with roadside objects,Overtaking,Other,2
Unknown,Male,2-5yr,Two-way (divided with broken lines road marking),Crossing,Asphalt roads,Daylight,Normal,Vehicle with vehicle collision,Going straight,Changing lane to the left,2
Unknown,Female,2-5yr,Two-way (divided with broken lines road marking),Crossing,Asphalt roads,Daylight,Normal,Rollover,Going straight,Changing lane to the right,2
18-30,Male,2-5yr,Undivided Two way,No junction,Asphalt roads,Daylight,Normal,Vehicle with vehicle collision,Going straight,No priority to pedestrian,1
31-50,Male,5-10yr,Double carriageway (median),Y Shape,Asphalt roads,Daylight,Normal,Vehicle with vehicle collision,U-Turn,Overspeed,2
Unknown,Male,1-2yr,Two-way (divided with broken lines road marking),Y Shape,Asphalt roads,Daylight,Normal,Vehicle with vehicle collision,Going straight,Changing lane to the left,2
31-50,Male,2-5yr,Two-way (divided with broken lines road marking),Crossing,Asphalt roads,Daylight,Normal,Vehicle with vehicle collision,Going straight,No priority to vehicle,2
31-50,Male,2-5yr,Double carriageway (median),No junction,Asphalt roads,Darkness - lights lit,Normal,Vehicle with vehicle collision,Going straight,Changing lane to the right,2
31-50,Male,Unknown,Two-way (divided with broken lines road marking),No junction,Asphalt roads,Darkness - lights lit,Normal,Collision with pedestrians,Going straight,No distancing,2
Over 51,Male,1-2yr,Two-way (divided with broken lines road marking),No junction,Asphalt roads,Daylight,Normal,Rollover,Turnover,No priority to pedestrian,1
31-50,Male,Below 1yr,other,Crossing,Asphalt roads,Darkness - lights lit,Normal,Vehicle with vehicle collision,Going straight,No distancing,2
Over 51,Male,1-2yr,Two-way (divided with broken lines road marking),Crossing,Asphalt roads,Darkness - lights lit,Normal,Rollover,Going straight,No priority to vehicle,2
31-50,Male,1-2yr,Double carriageway (median),Y Shape,Asphalt roads,Darkness - lights lit,Normal,Vehicle with vehicle collision,Moving Backward,Other,2
18-30,Male,Above 10yr,Undivided Two way,Y Shape,Asphalt roads,Darkness - lights lit,Normal,Vehicle with vehicle collision,Going straight,Driving carelessly,2
18-30,Male,1-2yr,Two-way (divided with broken lines road marking),Crossing,Asphalt roads,Daylight,Normal,Vehicle with vehicle collision,Moving Backward,Changing lane to the left,2
31-50,Unknown,2-5yr,Two-way (divided with broken lines road marking),Crossing,Asphalt roads,Daylight,Normal,Fall from vehicles,Going straight,Driving carelessly,2
Unknown,Male,2-5yr,One way,Y Shape,Asphalt roads,Darkness - lights lit,Normal,Vehicle with vehicle collision,Going straight,Changing lane to the left,2
18-30,Male,Above 10yr,Double carriageway (median),Y Shape,Asphalt roads,Darkness - lights lit,Normal,Collision with roadside objects,Going straight,No priority to vehicle,2
31-50,Male,5-10yr,Two-way (divided with broken lines road marking),Crossing,Asphalt roads,Daylight,Normal,Vehicle with vehicle collision,Going straight,No distancing,2
18-30,Male,1-2yr,Double carriageway (median),Crossing,Asphalt roads,Daylight,Normal,Vehicle with vehicle collision,U-Turn,Changing lane to the right,2
Unknown,Male,5-10yr,Undivided Two way,Y Shape,Asphalt roads,Daylight,Normal,Vehicle with vehicle collision,Going straight,Changing lane to the right,2
18-30,Male,2-5yr,Two-way (divided with broken lines road marking),No junction,Asphalt roads,Daylight,Normal,Collision with pedestrians,Going straight,Driving at high speed,2
31-50,Male,1-2yr,other,No junction,Asphalt roads,Daylight,Normal,Vehicle with vehicle collision,Going straight,No distancing,2
18-30,Male,Above 10yr,other,Crossing,Asphalt roads,Darkness - lights lit,Normal,Vehicle with vehicle collision,Going straight,Changing lane to the right,2
Unknown,Male,2-5yr,Two-way (divided with broken lines road marking),Crossing,Asphalt roads,Darkness - lights lit,Normal,Vehicle with vehicle collision,Going straight,Changing lane to the left,2
18-30,Male,5-10yr,other,Crossing,Asphalt roads,Daylight,Normal,Rollover,Going straight,Getting off the vehicle improperly,1
18-30,Male,1-2yr,Two-way (divided with broken lines road marking),Crossing,Asphalt roads,Daylight,Normal,Collision with roadside objects,Stopping,Other,1
31-50,Male,Unknown,Two-way (divided with broken lines road marking),Y Shape,Asphalt roads,Daylight,Normal,Vehicle with vehicle collision,Turnover,Other,2
Unknown,Male,Unknown,Two-way (divided with broken lines road marking),Y Shape,Asphalt roads,Daylight,Normal,Vehicle with vehicle collision,Getting off,No distancing,2
31-50,Male,5-10yr,Undivided Two way,Y Shape,Asphalt roads,Darkness - lights lit,Normal,Collision with roadside objects,Moving Backward,No priority to vehicle,2
Unknown,Female,2-5yr,Two-way (divided with broken lines road marking),Y Shape,Asphalt roads,Darkness - lights lit,Normal,Vehicle with vehicle collision,Moving Backward,Overtaking,2
31-50,Male,5-10yr,Two-way (divided with broken lines road marking),No junction,Asphalt roads,Daylight,Normal,Vehicle with vehicle collision,Going straight,No priority to pedestrian,2
18-30,Male,2-5yr,Undivided Two way,No junction,Asphalt roads,Daylight,Normal,Vehicle with vehicle collision,Turnover,No distancing,2
18-30,Male,1-2yr,Undivided Two way,No junction,Asphalt roads,Daylight,Normal,Rollover,Going straight,Changing lane to the right,2
18-30,Male,1-2yr,Two-way (divided with broken lines road marking),No junction,Asphalt roads,Darkness - lights lit,Normal,Rollover,Going straight,Driving carelessly,2
Unknown,Female,5-10yr,Two-way (divided with broken lines road marking),No junction,Asphalt roads,Darkness - lights lit,Normal,Collision with pedestrians,U-Turn,Changing lane to the right,2
Unknown,Female,unknown,Unknown,No junction,Asphalt roads,Darkness - lights lit,Normal,Vehicle with vehicle collision,Going straight,Overtaking,2
31-50,Male,5-10yr,other,Crossing,Asphalt roads,Daylight,Normal,Vehicle with vehicle collision,Going straight,Other,2
18-30,Male,1-2yr,other,Crossing,Asphalt roads,Daylight,Normal,Vehicle with vehicle collision,U-Turn,Driving to the left,2
Unknown,Male,2-5yr,Two-way (divided with broken lines road marking),No junction,Asphalt roads,Darkness - lights lit,Normal,Collision with pedestrians,Stopping,Driving at high speed,2
Unknown,Male,Above 10yr,other,No junction,Asphalt roads,Darkness - lights lit,Normal,Collision with pedestrians,Going straight,Unknown,2
31-50,Male,5-10yr,Undivided Two way,Y Shape,Asphalt roads,Daylight,Normal,Vehicle with vehicle collision,Moving Backward,Changing lane to the right,2
Unknown,Male,1-2yr,One way,Y Shape,Asphalt roads,Daylight,Normal,Vehicle with vehicle collision,Getting off,No distancing,2
Unknown,Male,Above 10yr,Two-way (divided with broken lines road marking),No junction,Asphalt roads,Darkness - lights lit,Normal,Vehicle with vehicle collision,Going straight,Other,2
Unknown,Male,1-2yr,Undivided Two way,Crossing,Asphalt roads,Darkness - lights lit,Normal,Collision with roadside objects,Going straight,No priority to vehicle,2
31-50,Male,2-5yr,Two-way (divided with broken lines road marking),Y Shape,Asphalt roads,Daylight,Normal,Vehicle with vehicle collision,Turnover,Changing lane to the left,2
Under 18,Male,Above 10yr,Double carriageway (median),No junction,Asphalt roads,Daylight,Normal,Collision with roadside objects,Moving Backward,No priority to pedestrian,2
Under 18,Male,2-5yr,Two-way (divided with broken lines road marking),No junction,Asphalt roads,Daylight,Normal,Vehicle with vehicle collision,Going straight,Overtaking,2
31-50,Male,5-10yr,Undivided Two way,Crossing,Earth roads,Daylight,Normal,Vehicle with vehicle collision,Moving Backward,Driving carelessly,2
18-30,Male,Unknown,Undivided Two way,Y Shape,Asphalt roads,Daylight,Normal,Collision with roadside objects,Going straight,No priority to vehicle,2
31-50,Male,1-2yr,Undivided Two way,Y Shape,Asphalt roads,Daylight,Normal,Vehicle with vehicle collision,Unknown,No priority to pedestrian,2
31-50,Male,5-10yr,Two-way (divided with broken lines road marking),Y Shape,Asphalt roads,Darkness - lights lit,Normal,Vehicle with vehicle collision,Going straight,Changing lane to the right,2
18-30,Male,5-10yr,Undivided Two way,No junction,Asphalt roads,Darkness - lights lit,Normal,Collision with roadside objects,Unknown,Driving carelessly,2
18-30,Male,1-2yr,Undivided Two way,No junction,Asphalt roads,Darkness - lights lit,Normal,Collision with roadside objects,Going straight,Changing lane to the right,2
Under 18,Male,5-10yr,Undivided Two way,Y Shape,Asphalt roads,Darkness - lights lit,Normal,Vehicle with vehicle collision,Unknown,Changing lane to the right,2
Unknown,Male,5-10yr,One way,Y Shape,Asphalt roads,Darkness - lights lit,Normal,Vehicle with vehicle collision,Going straight,Changing lane to the left,2
18-30,Male,2-5yr,Undivided Two way,No junction,Asphalt roads,Daylight,Normal,Vehicle with vehicle collision,Going straight,Overturning,2
18-30,Male,1-2yr,other,Crossing,Asphalt roads,Darkness - lights lit,Normal,Vehicle with vehicle collision,Going straight,Driving carelessly,2
18-30,Male,5-10yr,other,Crossing,Asphalt roads,Darkness - lights lit,Normal,Vehicle with vehicle collision,Going straight,No distancing,2
18-30,Male,Below 1yr,Two-way (divided with broken lines road marking),Y Shape,Asphalt roads,Daylight,Normal,Vehicle with vehicle collision,Going straight,Driving carelessly,2
18-30,Male,5-10yr,One way,Y Shape,Asphalt roads,Daylight,Normal,Vehicle with vehicle collision,Other,Changing lane to the left,2
31-50,Male,5-10yr,Two-way (divided with broken lines road marking),No junction,Asphalt roads,Darkness - lights lit,Normal,Vehicle with vehicle collision,Other,No priority to vehicle,2
18-30,Male,5-10yr,Two-way (divided with broken lines road marking),No junction,Asphalt roads,Darkness - lights lit,Normal,Vehicle with vehicle collision,Going straight,Changing lane to the right,2
Unknown,Male,5-10yr,Two-way (divided with broken lines road marking),Unknown,Asphalt roads,Darkness - lights lit,Raining,Vehicle with vehicle collision,Going straight,No distancing,2
Unknown,Male,2-5yr,Two-way (divided with broken lines road marking),Unknown,Asphalt roads,Darkness - lights lit,Raining,Vehicle with vehicle collision,Getting off,Moving Backward,2
Over 51,Male,5-10yr,Two-way (divided with broken lines road marking),No junction,Asphalt roads,Daylight,Normal,Vehicle with vehicle collision,Going straight,Moving Backward,2
Unknown,Male,Above 10yr,Two-way (divided with broken lines road marking),No junction,Asphalt roads,Daylight,Normal,Vehicle with vehicle collision,Going straight,No distancing,2
18-30,Male,Below 1yr,Undivided Two way,Y Shape,Asphalt roads,Daylight,Normal,Vehicle with vehicle collision,Going straight,No distancing,2
31-50,Male,5-10yr,Two-way (divided with broken lines road marking),Crossing,Asphalt roads,Daylight,Normal,Vehicle with vehicle collision,Going straight,No distancing,2
31-50,Male,2-5yr,Two-way (divided with broken lines road marking),Crossing,Asphalt roads,Daylight,Normal,Vehicle with vehicle collision,Going straight,No priority to pedestrian,2
18-30,Male,2-5yr,Two-way (divided with broken lines road marking),Crossing,Asphalt roads,Daylight,Normal,Vehicle with vehicle collision,Getting off,Driving carelessly,2
Unknown,Male,1-2yr,Two-way (divided with broken lines road marking),Y Shape,Asphalt roads,Darkness - lights lit,Normal,Vehicle with vehicle collision,Going straight,Changing lane to the right,2
Over 51,Male,2-5yr,Double carriageway (median),Y Shape,Asphalt roads,Darkness - lights lit,Normal,Collision with roadside objects,Going straight,Changing lane to the left,2
Over 51,Male,2-5yr,Undivided Two way,Y Shape,Asphalt roads,Daylight,Normal,Vehicle with vehicle collision,Other,Driving carelessly,2
18-30,Male,Above 10yr,Double carriageway (median),Crossing,Asphalt roads,Daylight,Normal,Collision with pedestrians,Going straight,Driving carelessly,2
Unknown,Male,Below 1yr,Two-way (divided with broken lines road marking),No junction,Asphalt roads,Darkness - lights lit,Normal,Vehicle with vehicle collision,Going straight,No distancing,2
18-30,Male,2-5yr,Undivided Two way,Crossing,Asphalt roads,Daylight,Normal,Collision with roadside objects,Going straight,Other,2
31-50,Male,Above 10yr,Two-way (divided with broken lines road marking),Crossing,Asphalt roads,Daylight,Normal,Vehicle with vehicle collision,Going straight,Changing lane to the right,2
Unknown,Male,Above 10yr,Undivided Two way,No junction,Asphalt roads,Darkness - lights lit,Normal,Vehicle with vehicle collision,Going straight,Changing lane to the right,1
31-50,Male,5-10yr,other,No junction,Asphalt roads,Daylight,Normal,Vehicle with vehicle collision,Reversing,No distancing,2
Unknown,Male,Above 10yr,One way,No junction,Asphalt roads,Daylight,Normal,Vehicle with vehicle collision,Other,No distancing,2
31-50,Male,1-2yr,Two-way (divided with broken lines road marking),Y Shape,Asphalt roads,Daylight,Normal,Vehicle with vehicle collision,Going straight,Overturning,1
31-50,Male,2-5yr,Two-way (divided with broken lines road marking),Y Shape,Asphalt roads,Daylight,Normal,Rollover,Going straight,Driving at high speed,1
31-50,Male,2-5yr,Two-way (divided with broken lines road marking),Other,Asphalt roads,Daylight,Normal,Collision with roadside objects,Going straight,No priority to vehicle,2
31-50,Male,5-10yr,Undivided Two way,Other,Asphalt roads,Daylight,Normal,Vehicle with vehicle collision,Going straight,No priority to pedestrian,2
18-30,Male,5-10yr,Undivided Two way,No junction,Asphalt roads,Darkness - lights lit,Normal,Collision with roadside objects,Going straight,No priority to vehicle,2
31-50,Male,5-10yr,Undivided Two way,No junction,Asphalt roads,Darkness - lights lit,Raining,Vehicle with vehicle collision,Going straight,Other,2
31-50,Male,Above 10yr,Two-way (divided with broken lines road marking),No junction,Asphalt roads,Daylight,Normal,Vehicle with vehicle collision,Going straight,Other,1
31-50,Male,Below 1yr,Undivided Two way,Crossing,Asphalt roads,Darkness - lights lit,Normal,Vehicle with vehicle collision,Going straight,Moving Backward,2
18-30,Male,Below 1yr,Two-way (divided with broken lines road marking),Crossing,Asphalt roads,Darkness - lights lit,Normal,Vehicle with vehicle collision,Going straight,No distancing,2
18-30,Male,Above 10yr,Double carriageway (median),Crossing,Asphalt roads,Darkness - lights lit,Normal,Vehicle with vehicle collision,Moving Backward,Moving Backward,2
18-30,Male,5-10yr,Undivided Two way,No junction,Asphalt roads,Daylight,Normal,Collision with roadside objects,Moving Backward,No priority to vehicle,2
18-30,Male,5-10yr,Two-way (divided with broken lines road marking),No junction,Asphalt roads,Daylight,Normal,Vehicle with vehicle collision,Turnover,Driving carelessly,2
Over 51,Male,2-5yr,other,No junction,Asphalt roads,Daylight,Normal,Collision with roadside objects,Other,No distancing,2
31-50,Male,2-5yr,Two-way (divided with broken lines road marking),Crossing,Asphalt roads,Daylight,Raining,Vehicle with vehicle collision,Other,Other,2
18-30,Male,5-10yr,other,Crossing,Asphalt roads,Daylight,Raining,Vehicle with vehicle collision,Going straight,Changing lane to the right,2
18-30,Male,2-5yr,Undivided Two way,No junction,Asphalt roads,Daylight,Normal,Vehicle with vehicle collision,Going straight,No distancing,2
18-30,Male,Unknown,One way,No junction,Asphalt roads,Daylight,Normal,Vehicle with vehicle collision,Other,Driving carelessly,2
Unknown,Male,2-5yr,other,No junction,Asphalt roads,Daylight,Normal,Vehicle with vehicle collision,Other,No distancing,2
18-30,Male,5-10yr,Double carriageway (median),No junction,Asphalt roads,Darkness - lights lit,Normal,Vehicle with vehicle collision,Going straight,No priority to vehicle,2
Unknown,Male,2-5yr,other,No junction,Asphalt roads,Darkness - lights lit,Raining,Vehicle with vehicle collision,Reversing,Changing lane to the right,2
18-30,Male,1-2yr,Two-way (divided with broken lines road marking),No junction,Asphalt roads,Darkness - lights lit,Raining,Vehicle with vehicle collision,Other,No priority to pedestrian,2
Unknown,Male,Unknown,One way,Crossing,Asphalt roads,Darkness - lights lit,Normal,Vehicle with vehicle collision,Turnover,No priority to vehicle,1
Over 51,Male,1-2yr,Undivided Two way,Other,Asphalt roads,Daylight,Normal,Vehicle with vehicle collision,Going straight,Changing lane to the left,2
31-50,Male,2-5yr,other,Other,Asphalt roads,Daylight,Normal,Vehicle with vehicle collision,Going straight,Turnover,2
18-30,Male,1-2yr,Undivided Two way,Other,Asphalt roads,Daylight,Normal,Rollover,Going straight,Driving to the left,2
18-30,Male,Above 10yr,Double carriageway (median),Other,Asphalt roads,Daylight,Normal,Collision with roadside objects,Going straight,Driving carelessly,2
31-50,Male,2-5yr,Two-way (divided with broken lines road marking),No junction,Asphalt roads,Daylight,Normal,Vehicle with vehicle collision,Going straight,Driving to the left,2
31-50,Male,2-5yr,Two-way (divided with broken lines road marking),No junction,Asphalt roads,Daylight,Normal,Vehicle with vehicle collision,Going straight,Driving carelessly,2
Under 18,Male,2-5yr,Two-way (divided with broken lines road marking),No junction,Asphalt roads,Darkness - lights lit,Normal,Collision with roadside objects,Going straight,No priority to pedestrian,2
Unknown,Male,2-5yr,Two-way (divided with broken lines road marking),No junction,Asphalt roads,Darkness - lights lit,Normal,Vehicle with vehicle collision,Going straight,Driving carelessly,2
Unknown,Male,2-5yr,Double carriageway (median),Other,Asphalt roads,Darkness - lights lit,Normal,Vehicle with vehicle collision,Going straight,Changing lane to the right,2
31-50,Male,2-5yr,Double carriageway (median),No junction,Asphalt roads,Darkness - lights lit,Normal,Vehicle with vehicle collision,Other,Moving Backward,2
Unknown,Male,5-10yr,Undivided Two way,Y Shape,Asphalt roads,Darkness - lights lit,Normal,Rollover,Going straight,Driving carelessly,2
18-30,Male,2-5yr,One way,No junction,Asphalt roads,Daylight,Normal,Rollover,Going straight,Changing lane to the right,2
Unknown,Female,Above 10yr,Undivided Two way,No junction,Asphalt roads,Daylight,Normal,Collision with pedestrians,Moving Backward,Driving carelessly,2
Unknown,Female,Above 10yr,Two-way (divided with broken lines road marking),No junction,Asphalt roads,Daylight,Normal,Vehicle with vehicle collision,Going straight,Driving carelessly,2
Unknown,Male,Above 10yr,Two-way (divided with broken lines road marking),No junction,Asphalt roads,Darkness - lights lit,Normal,Vehicle with vehicle collision,Moving Backward,Driving carelessly,1
31-50,Male,5-10yr,Undivided Two way,No junction,Asphalt roads,Darkness - lights lit,Normal,Vehicle with vehicle collision,Other,Changing lane to the right,2
31-50,Male,2-5yr,Double carriageway (median),No junction,Asphalt roads,Darkness - lights lit,Normal,Collision with pedestrians,Going straight,Changing lane to the right,2
31-50,Male,1-2yr,Two-way (divided with broken lines road marking),No junction,Asphalt roads,Darkness - lights lit,Normal,Collision with pedestrians,Reversing,Driving carelessly,2
31-50,Male,2-5yr,Two-way (divided with broken lines road marking),No junction,Asphalt roads,Darkness - lights lit,Normal,Vehicle with vehicle collision,Going straight,Overtaking,2
31-50,Male,5-10yr,Two-way (divided with broken lines road marking),Y Shape,Asphalt roads,Daylight,Normal,Vehicle with vehicle collision,Other,Changing lane to the right,2
31-50,Male,Unknown,Two-way (divided with broken lines road marking),Y Shape,Asphalt roads,Daylight,Normal,Vehicle with vehicle collision,Other,No distancing,2
18-30,Male,5-10yr,Two-way (divided with broken lines road marking),Y Shape,Asphalt roads,Darkness - lights lit,Normal,Collision with roadside objects,Other,Other,2
31-50,Male,Above 10yr,Undivided Two way,No junction,Asphalt roads,Darkness - lights lit,Normal,Vehicle with vehicle collision,Stopping,Changing lane to the right,2
31-50,Male,Above 10yr,other,Y Shape,Asphalt roads,Daylight,Normal,Collision with roadside objects,Other,Changing lane to the right,1
18-30,Male,1-2yr,Two-way (divided with broken lines road marking),Y Shape,Asphalt roads,Daylight,Normal,Vehicle with vehicle collision,Other,Overtaking,1
31-50,Male,Unknown,Two-way (divided with broken lines road marking),No junction,Asphalt roads,Daylight,Normal,Vehicle with vehicle collision,Other,Other,1
31-50,Male,2-5yr,Double carriageway (median),No junction,Asphalt roads,Daylight,Normal,Collision with roadside objects,Going straight,Driving to the left,2
31-50,Male,5-10yr,One way,Y Shape,Asphalt roads,Darkness - lights lit,Normal,Vehicle with vehicle collision,Going straight,Overtaking,2
Over 51,Male,2-5yr,Two-way (divided with broken lines road marking),Y Shape,Asphalt roads,Darkness - lights lit,Normal,Vehicle with vehicle collision,Going straight,No priority to vehicle,2
18-30,Unknown,Above 10yr,Undivided Two way,Crossing,Asphalt roads,Daylight,Normal,Collision with roadside objects,Going straight,Moving Backward,2
31-50,Male,5-10yr,Undivided Two way,Crossing,Unknown,Daylight,Normal,Collision with roadside objects,Going straight,Other,2
Unknown,Male,5-10yr,other,Y Shape,Asphalt roads,Darkness - lights lit,Normal,Vehicle with vehicle collision,Going straight,No priority to vehicle,2
18-30,Male,1-2yr,Two-way (divided with broken lines road marking),Y Shape,Asphalt roads,Darkness - lights lit,Normal,Vehicle with vehicle collision,Going straight,No priority to pedestrian,2
31-50,Male,Above 10yr,Unknown,Y Shape,Asphalt roads,Daylight,Normal,Vehicle with vehicle collision,Going straight,Changing lane to the right,2
31-50,Male,5-10yr,Two-way (divided with broken lines road marking),Y Shape,Asphalt roads,Daylight,Normal,Vehicle with vehicle collision,Going straight,Changing lane to the right,2
18-30,Male,2-5yr,Two-way (divided with broken lines road marking),Y Shape,Asphalt roads,Daylight,Normal,Vehicle with vehicle collision,Going straight,Changing lane to the right,2
18-30,Male,2-5yr,Undivided Two way,Y Shape,Asphalt roads,Daylight,Normal,Vehicle with vehicle collision,Going straight,Driving to the left,2
18-30,Male,5-10yr,other,Y Shape,Asphalt roads,Darkness - lights lit,Normal,Vehicle with vehicle collision,Reversing,Changing lane to the left,2
18-30,Male,1-2yr,Two-way (divided with broken lines road marking),Y Shape,Asphalt roads,Darkness - lights lit,Normal,Vehicle with vehicle collision,Going straight,Moving Backward,2
31-50,Male,5-10yr,Two-way (divided with broken lines road marking),Crossing,Asphalt roads,Daylight,Normal,Vehicle with vehicle collision,Other,Driving at high speed,2
31-50,Male,5-10yr,Double carriageway (median),Y Shape,Asphalt roads,Daylight,Normal,Vehicle with vehicle collision,Unknown,Moving Backward,2
18-30,Male,5-10yr,Two-way (divided with broken lines road marking),Crossing,Asphalt roads,Darkness - lights lit,Normal,Vehicle with vehicle collision,Getting off,No distancing,2
31-50,Male,Above 10yr,Double carriageway (median),Crossing,Asphalt roads,Darkness - lights lit,Normal,Vehicle with vehicle collision,Going straight,Other,2
Over 51,Male,2-5yr,Two-way (divided with broken lines road marking),Crossing,Asphalt roads,Daylight,Normal,Vehicle with vehicle collision,Going straight,No priority to vehicle,2
Unknown,Female,5-10yr,Double carriageway (median),No junction,Asphalt roads,Darkness - lights lit,Normal,Vehicle with vehicle collision,Going straight,Changing lane to the right,2
18-30,Male,Unknown,Two-way (divided with broken lines road marking),Y Shape,Asphalt roads,Daylight,Normal,Vehicle with vehicle collision,Going straight,Other,2
31-50,Male,5-10yr,Two-way (divided with broken lines road marking),Y Shape,Asphalt roads,Daylight,Normal,Vehicle with vehicle collision,Turnover,No distancing,2
31-50,Male,Unknown,other,Crossing,Asphalt roads,Daylight,Normal,Vehicle with vehicle collision,Entering a junction,Driving carelessly,2
18-30,Male,Unknown,Undivided Two way,Crossing,Asphalt roads,Daylight,Raining,Vehicle with vehicle collision,Entering a junction,No distancing,2
31-50,Male,1-2yr,Undivided Two way,Crossing,Asphalt roads,Daylight,Raining,Collision with roadside objects,Entering a junction,Moving Backward,2
Unknown,Female,5-10yr,Undivided Two way,Y Shape,Asphalt roads,Darkness - lights lit,Normal,Vehicle with vehicle collision,Entering a junction,No distancing,2
Unknown,Male,2-5yr,Two-way (divided with broken lines road marking),Crossing,Asphalt roads,Darkness - lights lit,Normal,Collision with pedestrians,Other,Moving Backward,2
31-50,Male,5-10yr,Undivided Two way,Crossing,Asphalt roads,Darkness - lights lit,Normal,Vehicle with vehicle collision,Entering a junction,No priority to pedestrian,2
31-50,Male,2-5yr,Two-way (divided with broken lines road marking),No junction,Asphalt roads,Daylight,Normal,Collision with roadside objects,Turnover,Changing lane to the left,1
31-50,Male,Above 10yr,Undivided Two way,Y Shape,Asphalt roads,Darkness - lights lit,Normal,Vehicle with vehicle collision,Entering a junction,No distancing,1
Unknown,Female,Below 1yr,Two-way (divided with broken lines road marking),Crossing,Asphalt roads,Daylight,Normal,Vehicle with vehicle collision,Entering a junction,Other,2
18-30,Male,Below 1yr,Two-way (divided with broken lines road marking),No junction,Asphalt roads,Daylight,Normal,Vehicle with vehicle collision,Entering a junction,No distancing,2
31-50,Male,Unknown,Two-way (divided with broken lines road marking),No junction,Asphalt roads,Daylight,Normal,Vehicle with vehicle collision,Entering a junction,No priority to pedestrian,2
18-30,Male,2-5yr,Undivided Two way,Crossing,Asphalt roads,Daylight,Normal,Vehicle with vehicle collision,Entering a junction,Moving Backward,2
Over 51,Male,Unknown,Undivided Two way,Y Shape,Gravel roads,Darkness - lights lit,Normal,Rollover,Other,No priority to pedestrian,2
Over 51,Male,No Licence,Undivided Two way,Y Shape,Asphalt roads,Darkness - lights lit,Normal,Collision with roadside objects,Going straight,No distancing,2
31-50,Male,Above 10yr,other,Y Shape,Asphalt roads,Darkness - lights lit,Normal,Vehicle with vehicle collision,Going straight,No priority to pedestrian,2
18-30,Male,Above 10yr,Undivided Two way,Crossing,Asphalt roads,Darkness - lights lit,Normal,Vehicle with vehicle collision,Other,Driving carelessly,2