age,sex,exp,medians,junction,surface,light,weather,collision,car_movement,acc_cause,severity
Over 51,Male,1-2yr,Unknown,No junction,Asphalt roads,Daylight,Normal,Vehicle with vehicle collision,Going straight,No distancing,2
Over 51,Male,Above 10yr,Double carriageway (median),No junction,Asphalt roads,Daylight,Normal,Collision with roadside objects,Moving Backward,No distancing,2
Over 51,Male,1-2yr,Two-way (divided with broken lines road marking),No junction,Asphalt roads,Daylight,Normal,Vehicle with vehicle collision,Going straight,Changing lane to the left,2
31-50,Male,Above 10yr,Unknown,Y Shape,Asphalt roads,Daylight,Normal,Vehicle with vehicle collision,Going straight,Changing lane to the right,2
18-30,Male,Above 10yr,Unknown,Y Shape,Asphalt roads,Daylight,Normal,Vehicle with vehicle collision,Going straight,Moving Backward,2
31-50,Male,1-2yr,Two-way (divided with broken lines road marking),Y Shape,Asphalt roads,Daylight,Normal,Vehicle with vehicle collision,Going straight,Changing lane to the right,2
31-50,Male,1-2yr,Two-way (divided with broken lines road marking),Y Shape,Asphalt roads,Darkness - lights lit,Normal,Vehicle with vehicle collision,Moving Backward,No distancing,2
18-30,Male,2-5yr,Undivided Two way,Y Shape,Asphalt roads,Darkness - lights lit,Normal,Vehicle with vehicle collision,Going straight,Overtaking,2
Unknown,Male,2-5yr,Two-way (divided with broken lines road marking),Y Shape,Asphalt roads,Darkness - lights lit,Normal,Vehicle with vehicle collision,Other,Other,2
Over 51,Male,1-2yr,Two-way (divided with broken lines road marking),Crossing,Asphalt roads,Daylight,Other,Collision with roadside objects,Other,Other,2
31-50,Male,5-10yr,Two-way (divided with broken lines road marking),Crossing,Asphalt roads,Daylight,Other,Vehicle with vehicle collision,Going straight,Changing lane to the right,2
31-50,Male,5-10yr,Undivided Two way,Unknown,Asphalt roads,Daylight,Normal,Vehicle with vehicle collision,Going straight,No priority to pedestrian,2
Over 51,Male,1-2yr,Undivided Two way,Unknown,Asphalt roads,Daylight,Normal,Vehicle with vehicle collision,Going straight,No priority to vehicle,2
18-30,Male,5-10yr,Double carriageway (median),No junction,Asphalt roads,Daylight,Normal,Vehicle with vehicle collision,Going straight,Changing lane to the left,2
18-30,Male,2-5yr,Double carriageway (median),No junction,Asphalt roads,Daylight,Normal,Rollover,Other,Changing lane to the left,2
18-30,Male,5-10yr,Two-way (divided with broken lines road marking),No junction,Asphalt roads with some distress,Daylight,Normal,Vehicle with vehicle collision,Going straight,Overtaking,2
18-30,Male,Above 10yr,Double carriageway (median),Y Shape,Asphalt roads,Darkness - lights lit,Normal,Vehicle with vehicle collision,Getting off,No distancing,2
18-30,Male,Above 10yr,Two-way (divided with broken lines road marking),Y Shape,Asphalt roads,Darkness - lights lit,Normal,Collision with roadside objects,Going straight,No priority to vehicle,2
31-50,Male,2-5yr,Unknown,Y Shape,Asphalt roads,Darkness - lights lit,Normal,Vehicle with vehicle collision,Going straight,Changing lane to the right,2
Unknown,Female,5-10yr,Unknown,Y Shape,Asphalt roads,Daylight,Unknown,Vehicle with vehicle collision,Going straight,Changing lane to the left,2
Unknown,Male,1-2yr,One way,Y Shape,Gravel roads,Daylight,Normal,Vehicle with vehicle collision,Going straight,No distancing,2
18-30,Male,Above 10yr,Two-way (divided with broken lines road marking),Y Shape,Asphalt roads,Daylight,Normal,Collision with roadside objects,Going straight,Driving carelessly,2
31-50,Male,5-10yr,Unknown,T Shape,Asphalt roads,Daylight,Normal,Collision with roadside objects,Going straight,No priority to pedestrian,2
Unknown,Male,2-5yr,Undivided Two way,T Shape,Asphalt roads,Daylight,Normal,Vehicle with vehicle collision,Moving Backward,Driving carelessly,2
31-50,Male,Above 10yr,Two-way (divided with broken lines road marking),No junction,Asphalt roads,Darkness - lights lit,Normal,Vehicle with vehicle collision,Going straight,Moving Backward,2
Unknown,Female,2-5yr,Two-way (divided with broken lines road marking),No junction,Asphalt roads,Darkness - lights lit,Normal,Collision with roadside objects,Other,No distancing,2
18-30,Male,Above 10yr,Two-way (divided with broken lines road marking),Y Shape,Asphalt roads,Daylight,Raining,Collision with roadside objects,Going straight,No distancing,2
18-30,Male,Above 10yr,Two-way (divided with broken lines road marking),Y Shape,Asphalt roads,Darkness - lights lit,Normal,Vehicle with vehicle collision,Going straight,No distancing,2
18-30,Male,2-5yr,Two-way (divided with broken lines road marking),Y Shape,Asphalt roads,Darkness - lights lit,Normal,Vehicle with vehicle collision,Going straight,Changing lane to the left,2
18-30,Male,Above 10yr,Undivided Two way,Y Shape,Asphalt roads,Darkness - lights lit,Normal,Vehicle with vehicle collision,Going straight,Changing lane to the left,2
18-30,Male,Above 10yr,Undivided Two way,Y Shape,Asphalt roads,Darkness - lights lit,Normal,Collision with roadside objects,Unknown,Moving Backward,2
Unknown,Female,Below 1yr,Undivided Two way,Y Shape,Asphalt roads,Darkness - lights lit,Normal,Vehicle with vehicle collision,Moving Backward,Changing lane to the right,2
Unknown,Female,Above 10yr,Double carriageway (median),Y Shape,Asphalt roads,Darkness - lights lit,Normal,Collision with roadside-parked vehicles,Unknown,No priority to vehicle,2
Over 51,Male,Above 10yr,Undivided Two way,No junction,Asphalt roads,Daylight,Normal,Vehicle with vehicle collision,Going straight,Moving Backward,2
31-50,Male,5-10yr,Undivided Two way,No junction,Earth roads,Daylight,Normal,Collision with roadside objects,Going straight,Driving carelessly,2
31-50,Male,Unknown,Undivided Two way,No junction,Asphalt roads,Daylight,Unknown,Vehicle with vehicle collision,Unknown,Driving carelessly,2
31-50,Male,5-10yr,Undivided Two way,No junction,Unknown,Daylight,Unknown,Vehicle with vehicle collision,Going straight,Driving under the influence of drugs,2
31-50,Male,5-10yr,Two-way (divided with broken lines road marking),No junction,Unknown,Daylight,Unknown,Vehicle with vehicle collision,Going straight,No priority to pedestrian,2
31-50,Male,Below 1yr,Undivided Two way,No junction,Asphalt roads,Daylight,Unknown,Vehicle with vehicle collision,Going straight,No priority to vehicle,2
31-50,Male,5-10yr,Undivided Two way,No junction,Earth roads,Daylight,Unknown,Vehicle with vehicle collision,Going straight,Driving carelessly,2
31-50,Male,2-5yr,Undivided Two way,No junction,Asphalt roads,Daylight,Raining,Collision with roadside-parked vehicles,Going straight,Moving Backward,2
31-50,Male,2-5yr,Two-way (divided with broken lines road marking),No junction,Asphalt roads,Daylight,Raining,Collision with roadside-parked vehicles,Going straight,Driving carelessly,2
31-50,Male,2-5yr,Undivided Two way,No junction,Earth roads,Daylight,Raining,Collision with animals,Going straight,No priority to vehicle,2
Unknown,Male,2-5yr,Two-way (divided with broken lines road marking),No junction,Asphalt roads,Daylight,Normal,Collision with animals,Other,Changing lane to the right,1
31-50,Male,Above 10yr,other,Crossing,Asphalt roads,Darkness - lights lit,Normal,Collision with animals,Going straight,Changing lane to the left,2
18-30,Male,2-5yr,Two-way (divided with broken lines road marking),Crossing,Asphalt roads,Darkness - lights lit,Normal,Collision with animals,Going straight,No priority to vehicle,2
31-50,Male,1-2yr,Two-way (divided with broken lines road marking),Y Shape,Asphalt roads,Daylight,Normal,Collision with animals,Going straight,Driving carelessly,2
31-50,Male,2-5yr,Two-way (divided with broken lines road marking),Y Shape,Asphalt roads,Daylight,Normal,Collision with animals,Going straight,Moving Backward,2
Over 51,Male,1-2yr,other,Y Shape,Asphalt roads,Daylight,Normal,Collision with animals,Going straight,Overtaking,2
Over 51,Male,5-10yr,other,Y Shape,Asphalt roads,Daylight,Normal,Collision with animals,Going straight,Changing lane to the left,2
18-30,Male,5-10yr,Undivided Two way,Y Shape,Asphalt roads,Daylight,Normal,Collision with animals,Moving Backward,Changing lane to the right,2
Unknown,Male,2-5yr,Double carriageway (median),Y Shape,Asphalt roads,Daylight,Normal,Collision with animals,Going straight,Overtaking,2
18-30,Male,Below 1yr,other,Y Shape,Asphalt roads,Daylight,Normal,Collision with animals,Going straight,Overloading,1
Over 51,Male,Unknown,Undivided Two way,Unknown,Asphalt roads,Daylight,Normal,Collision with animals,Going straight,Other,1
18-30,Male,Above 10yr,Two-way (divided with broken lines road marking),Other,Asphalt roads,Daylight,Other,Other,Going straight,No priority to vehicle,2
Unknown,Female,1-2yr,Two-way (divided with broken lines road marking),Other,Asphalt roads with some distress,Daylight,Other,Rollover,Going straight,Changing lane to the right,2
Unknown,Female,5-10yr,Two-way (divided with broken lines road marking),No junction,Asphalt roads,Darkness - lights lit,Raining,Collision with animals,Going straight,Moving Backward,2
18-30,Male,1-2yr,Double carriageway (median),No junction,Asphalt roads,Darkness - lights lit,Raining,Rollover,Going straight,Changing lane to the left,2
18-30,Male,Above 10yr,Double carriageway (median),No junction,Asphalt roads,Darkness - lights lit,Raining,Collision with animals,Going straight,No priority to pedestrian,2
Unknown,Male,Below 1yr,Double carriageway (median),No junction,Asphalt roads,Daylight,Normal,Collision with animals,Going straight,No distancing,2
18-30,Male,2-5yr,Double carriageway (median),No junction,Asphalt roads,Daylight,Normal,Vehicle with vehicle collision,Going straight,No priority to vehicle,2
31-50,Male,5-10yr,Double carriageway (median),No junction,Asphalt roads,Daylight,Normal,Fall from vehicles,Going straight,No distancing,2
18-30,Male,5-10yr,Undivided Two way,No junction,Asphalt roads,Daylight,Normal,Collision with roadside-parked vehicles,Going straight,No distancing,2
18-30,Male,1-2yr,One way,Other,Asphalt roads,Daylight,Normal,Collision with roadside-parked vehicles,Other,Moving Backward,2
31-50,Male,5-10yr,One way,Other,Asphalt roads,Daylight,Normal,Rollover,Going straight,Changing lane to the right,2
31-50,Male,Unknown,Double carriageway (median),Y Shape,Asphalt roads,Darkness - lights lit,Normal,Collision with animals,Going straight,No priority to pedestrian,2
Unknown,Male,2-5yr,Two-way (divided with broken lines road marking),Y Shape,Asphalt roads,Darkness - lights lit,Normal,Collision with animals,Going straight,Moving Backward,2
Under 18,Male,1-2yr,Double carriageway (median),O Shape,Asphalt roads,Daylight,Raining,Fall from vehicles,Going straight,Getting off the vehicle improperly,2
Unknown,Male,5-10yr,Unknown,O Shape,Asphalt roads,Daylight,Raining,Collision with roadside-parked vehicles,Going straight,Overtaking,2
Unknown,Male,2-5yr,Double carriageway (median),Crossing,Asphalt roads,Daylight,Normal,Collision with animals,Going straight,Overloading,2
31-50,Male,No Licence,Two-way (divided with broken lines road marking),Crossing,Asphalt roads,Daylight,Normal,Collision with animals,Going straight,Changing lane to the right,2
31-50,Male,Above 10yr,Undivided Two way,Crossing,Asphalt roads,Daylight,Normal,Collision with pedestrians,Other,Improper parking,2
31-50,Male,Above 10yr,Undivided Two way,No junction,Asphalt roads,Daylight,Raining,Vehicle with vehicle collision,Going straight,Other,0
31-50,Male,5-10yr,Undivided Two way,No junction,Asphalt roads,Daylight,Raining,Vehicle with vehicle collision,Going straight,Changing lane to the left,0
Over 51,Male,2-5yr,Undivided Two way,No junction,Asphalt roads,Daylight,Raining,Collision with pedestrians,Going straight,Changing lane to the right,0
Unknown,Female,2-5yr,Undivided Two way,No junction,Gravel roads,Daylight,Unknown,Vehicle with vehicle collision,Going straight,No priority to pedestrian,2
18-30,Male,Below 1yr,other,No junction,Asphalt roads,Daylight,Unknown,Collision with roadside objects,Going straight,Overspeed,2
31-50,Male,Above 10yr,other,No junction,Asphalt roads,Darkness - lights lit,Other,Vehicle with vehicle collision,Going straight,Changing lane to the left,1
Unknown,Female,Above 10yr,Double carriageway (median),No junction,Asphalt roads,Darkness - lights lit,Other,Vehicle with vehicle collision,Going straight,No priority to vehicle,1
Over 51,Male,2-5yr,Unknown,Other,Asphalt roads,Darkness - lights lit,Normal,Vehicle with vehicle collision,Going straight,Changing lane to the right,0
18-30,Male,2-5yr,One way,Other,Asphalt roads,Darkness - lights lit,Normal,Rollover,Going straight,No distancing,0
Over 51,Male,Above 10yr,One way,No junction,Asphalt roads,Daylight,Cloudy,Vehicle with vehicle collision,Moving Backward,No priority to pedestrian,2
Unknown,Male,5-10yr,Undivided Two way,No junction,Asphalt roads,Daylight,Cloudy,Vehicle with vehicle collision,Going straight,No distancing,2
Under 18,Male,Below 1yr,One way,Crossing,Asphalt roads,Daylight,Normal,Vehicle with vehicle collision,Going straight,No priority to vehicle,2
18-30,Male,Below 1yr,other,Crossing,Asphalt roads,Daylight,Normal,Collision with pedestrians,Going straight,Other,2
18-30,Male,Below 1yr,other,Y Shape,Asphalt roads,Darkness - lights lit,Other,Vehicle with vehicle collision,Going straight,Driving carelessly,2
31-50,Male,5-10yr,Undivided Two way,Y Shape,Asphalt roads,Darkness - lights lit,Other,Collision with roadside objects,Moving Backward,Changing lane to the left,2
31-50,Male,5-10yr,Double carriageway (median),Y Shape,Asphalt roads,Darkness - lights lit,Other,Vehicle with vehicle collision,Going straight,Driving carelessly,2
31-50,Male,5-10yr,Two-way (divided with broken lines road marking),Y Shape,Asphalt roads,Darkness - lights lit,Other,Rollover,Other,Changing lane to the left,2
18-30,Male,5-10yr,Undivided Two way,No junction,Asphalt roads,Darkness - lights lit,Normal,Vehicle with vehicle collision,Other,No priority to vehicle,2
Over 51,Male,2-5yr,Double carriageway (median),No junction,Gravel roads,Daylight,Normal,Vehicle with vehicle collision,Going straight,No distancing,2
31-50,Male,5-10yr,Two-way (divided with broken lines road marking),No junction,Asphalt roads,Daylight,Normal,Vehicle with vehicle collision,Going straight,Changing lane to the right,2
Unknown,Male,2-5yr,other,No junction,Asphalt roads,Daylight,Normal,Vehicle with vehicle collision,Going straight,Changing lane to the right,2
18-30,Male,Below 1yr,Two-way (divided with broken lines road marking),T Shape,Asphalt roads,Daylight,Normal,Vehicle with vehicle collision,Going straight,Driving at high speed,2
Under 18,Male,2-5yr,One way,T Shape,Asphalt roads,Daylight,Normal,Collision with roadside objects,Other,No distancing,2
31-50,Male,2-5yr,One way,No junction,Earth roads,Daylight,Unknown,Vehicle with vehicle collision,Going straight,Changing lane to the right,2
Unknown,Male,2-5yr,Undivided Two way,No junction,Asphalt roads,Daylight,Unknown,Vehicle with vehicle collision,Getting off,Changing lane to the left,2
18-30,Male,5-10yr,Two-way (divided with broken lines road marking),No junction,Asphalt roads,Darkness - lights lit,Normal,Collision with roadside objects,Going straight,Getting off the vehicle improperly,2
18-30,Male,5-10yr,other,Crossing,Unknown,Daylight,Normal,Collision with roadside objects,Going straight,Other,2
Under 18,Male,Unknown,Two-way (divided with broken lines road marking),Crossing,Gravel roads,Daylight,Normal,Vehicle with vehicle collision,Going straight,Other,2
Unknown,Male,5-10yr,Two-way (divided with broken lines road marking),No junction,Asphalt roads,Daylight,Normal,Vehicle with vehicle collision,Going straight,No distancing,2
Under 18,Male,2-5yr,Two-way (divided with broken lines road marking),No junction,Unknown,Daylight,Normal,Vehicle with vehicle collision,Going straight,No priority to vehicle,2
Under 18,Male,Below 1yr,One way,No junction,Asphalt roads,Daylight,Normal,Vehicle with vehicle collision,Going straight,Overtaking,2
31-50,Male,1-2yr,Two-way (divided with broken lines road marking),Y Shape,Earth roads,Daylight,Normal,Collision with roadside objects,Moving Backward,No priority to pedestrian,1
18-30,Male,Below 1yr,Undivided Two way,Y Shape,Asphalt roads,Daylight,Normal,Vehicle with vehicle collision,Going straight,No distancing,2
31-50,Male,Above 10yr,Two-way (divided with broken lines road marking),Y Shape,Asphalt roads,Daylight,Normal,Vehicle with vehicle collision,Other,Changing lane to the right,2
31-50,Male,Below 1yr,Two-way (divided with broken lines road marking),Y Shape,Asphalt roads,Daylight,Normal,Vehicle with vehicle collision,Going straight,Driving carelessly,2
Unknown,Male,2-5yr,Two-way (divided with broken lines road marking),Other,Asphalt roads,Darkness - lights lit,Other,Vehicle with vehicle collision,Going straight,Changing lane to the right,2
31-50,Male,1-2yr,Undivided Two way,No junction,Asphalt roads,Darkness - no lighting,Raining,Vehicle with vehicle collision,Going straight,Overtaking,1
18-30,Male,5-10yr,Undivided Two way,Y Shape,Earth roads,Darkness - lights lit,Raining,Vehicle with vehicle collision,Going straight,Other,2
31-50,Male,Below 1yr,Undivided Two way,Y Shape,Asphalt roads,Darkness - lights lit,Raining,Collision with roadside objects,Unknown,Driving to the left,2
Under 18,Male,Below 1yr,Undivided Two way,Y Shape,Asphalt roads,Darkness - lights lit,Raining,Vehicle with vehicle collision,Moving Backward,Driving at high speed,2
18-30,Male,Below 1yr,Unknown,No junction,Asphalt roads,Daylight,Raining,Collision with pedestrians,Unknown,Unknown,2
Over 51,Male,1-2yr,Undivided Two way,No junction,Asphalt roads,Daylight,Raining,Collision with roadside objects,Going straight,Changing lane to the right,2
18-30,Male,5-10yr,Unknown,Y Shape,Asphalt roads,Darkness - lights lit,Normal,Collision with roadside objects,Going straight,No distancing,2
31-50,Male,2-5yr,Two-way (divided with broken lines road marking),Y Shape,Asphalt roads,Darkness - lights lit,Normal,Vehicle with vehicle collision,Unknown,Other,2
Unknown,Male,Below 1yr,Two-way (divided with broken lines road marking),Y Shape,Asphalt roads,Daylight,Other,Rollover,Going straight,No priority to vehicle,2
31-50,Male,5-10yr,other,No junction,Asphalt roads,Darkness - lights lit,Normal,Vehicle with vehicle collision,Going straight,Changing lane to the left,2
Unknown,Male,5-10yr,Undivided Two way,No junction,Asphalt roads,Darkness - lights lit,Normal,Vehicle with vehicle collision,Going straight,No priority to pedestrian,2
18-30,Male,5-10yr,Undivided Two way,No junction,Asphalt roads,Daylight,Other,Vehicle with vehicle collision,Going straight,Overtaking,2
31-50,Male,2-5yr,Two-way (divided with broken lines road marking),No junction,Asphalt roads,Daylight,Other,Vehicle with vehicle collision,Going straight,Driving carelessly,2
Unknown,Female,Above 10yr,Undivided Two way,No junction,Earth roads,Daylight,Normal,Vehicle with vehicle collision,Going straight,No priority to vehicle,2
31-50,Male,5-10yr,One way,No junction,Asphalt roads,Daylight,Normal,Vehicle with vehicle collision,Going straight,No priority to pedestrian,2
Unknown,Male,Above 10yr,Undivided Two way,No junction,Asphalt roads,Daylight,Normal,Vehicle with vehicle collision,Other,Changing lane to the right,2
Unknown,Male,2-5yr,Two-way (divided with broken lines road marking),No junction,Asphalt roads,Daylight,Normal,Vehicle with vehicle collision,Going straight,Driving carelessly,2
Over 51,Male,Below 1yr,Two-way (divided with broken lines road marking),No junction,Asphalt roads,Darkness - lights lit,Normal,Collision with roadside objects,Going straight,Changing lane to the right,2
18-30,Male,Below 1yr,Undivided Two way,No junction,Other,Darkness - lights lit,Normal,Vehicle with vehicle collision,Going straight,Changing lane to the right,2
Unknown,Male,5-10yr,Two-way (divided with broken lines road marking),Y Shape,Gravel roads,Darkness - lights lit,Raining,Vehicle with vehicle collision,Going straight,Changing lane to the left,2
Unknown,Male,2-5yr,Two-way (divided with broken lines road marking),No junction,Gravel roads,Daylight,Normal,Vehicle with vehicle collision,Going straight,Overturning,2
18-30,Male,Below 1yr,Undivided Two way,No junction,Asphalt roads,Daylight,Normal,Vehicle with vehicle collision,Going straight,Driving carelessly,2
18-30,Male,2-5yr,other,Y Shape,Asphalt roads,Darkness - lights lit,Raining,Collision with pedestrians,Moving Backward,No distancing,2
Unknown,Male,5-10yr,One way,No junction,Earth roads,Daylight,Normal,Vehicle with vehicle collision,Going straight,Driving carelessly,2
Under 18,Male,Above 10yr,Undivided Two way,No junction,Asphalt roads,Daylight,Normal,Vehicle with vehicle collision,Going straight,Changing lane to the left,2
31-50,Male,Above 10yr,One way,No junction,Asphalt roads,Daylight,Normal,Vehicle with vehicle collision,Going straight,No priority to vehicle,2
31-50,Male,5-10yr,Undivided Two way,No junction,Asphalt roads,Daylight,Normal,Vehicle with vehicle collision,Going straight,Changing lane to the right,2
18-30,Male,1-2yr,One way,No junction,Asphalt roads,Daylight,Other,Vehicle with vehicle collision,Going straight,No distancing,2
Under 18,Male,5-10yr,Undivided Two way,No junction,Earth roads,Daylight,Other,Vehicle with vehicle collision,Going straight,Moving Backward,2
Over 51,Male,5-10yr,Two-way (divided with broken lines road marking),Y Shape,Asphalt roads,Daylight,Normal,Collision with roadside objects,Going straight,Overtaking,2
Over 51,Male,1-2yr,other,Y Shape,Asphalt roads,Daylight,Normal,Vehicle with vehicle collision,Getting off,Changing lane to the left,2
18-30,Male,5-10yr,other,No junction,Asphalt roads,Darkness - lights lit,Raining,Vehicle with vehicle collision,Going straight,Changing lane to the right,2
31-50,Male,Above 10yr,Two-way (divided with broken lines road marking),No junction,Asphalt roads,Darkness - lights lit,Unknown,Vehicle with vehicle collision,Going straight,Overtaking,2
Unknown,Female,Below 1yr,other,No junction,Asphalt roads,Darkness - lights lit,Unknown,Vehicle with vehicle collision,Turnover,Overloading,2
Unknown,Male,5-10yr,Two-way (divided with broken lines road marking),Y Shape,Asphalt roads,Darkness - lights lit,Unknown,Vehicle with vehicle collision,Moving Backward,Other,2
18-30,Male,Above 10yr,Undivided Two way,Y Shape,Asphalt roads,Darkness - lights lit,Unknown,Vehicle with vehicle collision,Going straight,No priority to vehicle,2
Over 51,Male,Below 1yr,Two-way (divided with broken lines road marking),Y Shape,Asphalt roads,Daylight,Normal,Vehicle with vehicle collision,Moving Backward,Changing lane to the right,2
Under 18,Male,1-2yr,Undivided Two way,Y Shape,Asphalt roads,Daylight,Normal,Vehicle with vehicle collision,Going straight,Moving Backward,2
Unknown,Female,Above 10yr,Undivided Two way,No junction,Asphalt roads,Darkness - lights lit,Normal,Rollover,Unknown,Changing lane to the left,2
18-30,Male,Above 10yr,Undivided Two way,No junction,Earth roads,Darkness - lights lit,Normal,Vehicle with vehicle collision,Going straight,No priority to pedestrian,2
18-30,Male,Above 10yr,Two-way (divided with broken lines road marking),Y Shape,Asphalt roads,Daylight,Normal,Vehicle with vehicle collision,Unknown,No distancing,2
18-30,Male,No Licence,Undivided Two way,Y Shape,Asphalt roads,Daylight,Normal,Vehicle with vehicle collision,Going straight,No priority to vehicle,2
Unknown,Male,1-2yr,Double carriageway (median),Y Shape,Asphalt roads,Daylight,Normal,Collision with roadside objects,Unknown,No distancing,2
18-30,Male,1-2yr,Two-way (divided with broken lines road marking),Other,Asphalt roads,Daylight,Raining,Vehicle with vehicle collision,Going straight,No distancing,2
Under 18,Male,Below 1yr,Two-way (divided with broken lines road marking),Other,Earth roads,Daylight,Raining,Vehicle with vehicle collision,Going straight,Moving Backward,2
18-30,Male,1-2yr,Two-way (divided with broken lines road marking),Other,Asphalt roads,Daylight,Raining,Vehicle with vehicle collision,Going straight,Changing lane to the right,2
Over 51,Male,2-5yr,One way,Other,Asphalt roads,Daylight,Raining,Collision with roadside objects,Going straight,No priority to pedestrian,2
31-50,Male,5-10yr,Two-way (divided with broken lines road marking),Other,Asphalt roads,Daylight,Normal,Vehicle with vehicle collision,Going straight,Moving Backward,1
Under 18,Male,Above 10yr,Two-way (divided with broken lines road marking),Other,Asphalt roads,Daylight,Normal,Vehicle with vehicle collision,Other,Getting off the vehicle improperly,1
Unknown,Male,2-5yr,Two-way (divided with broken lines road marking),No junction,Asphalt roads,Daylight,Normal,Vehicle with vehicle collision,Other,Overtaking,2
Over 51,Male,Above 10yr,Two-way (divided with broken lines road marking),Y Shape,Asphalt roads,Darkness - lights lit,Normal,Vehicle with vehicle collision,Going straight,Overloading,2
31-50,Male,5-10yr,Two-way (divided with broken lines road marking),Y Shape,Asphalt roads,Darkness - lights lit,Normal,Collision with roadside objects,Going straight,Changing lane to the right,2
Unknown,Male,Unknown,Undivided Two way,Crossing,Asphalt roads,Daylight,Normal,Vehicle with vehicle collision,Getting off,Improper parking,2
18-30,Male,5-10yr,Double carriageway (median),Crossing,Other,Daylight,Normal,Vehicle with vehicle collision,Going straight,Other,2
Unknown,Female,Below 1yr,Two-way (divided with broken lines road marking),No junction,Asphalt roads,Daylight,Normal,Vehicle with vehicle collision,Going straight,Changing lane to the left,1
18-30,Male,2-5yr,Two-way (divided with broken lines road marking),No junction,Asphalt roads,Daylight,Normal,Vehicle with vehicle collision,Going straight,Changing lane to the right,1
31-50,Male,2-5yr,Double carriageway (median),T Shape,Asphalt roads,Daylight,Unknown,Vehicle with vehicle collision,Going straight,No priority to pedestrian,1
18-30,Male,2-5yr,Two-way (divided with broken lines road marking),T Shape,Asphalt roads,Daylight,Unknown,Collision with pedestrians,Going straight,Overspeed,1
Unknown,Male,2-5yr,Two-way (divided with broken lines road marking),Y Shape,Asphalt roads,Daylight,Unknown,Vehicle with vehicle collision,Getting off,Changing lane to the left,2
18-30,Male,5-10yr,other,Y Shape,Asphalt roads,Daylight,Unknown,Vehicle with vehicle collision,Going straight,No priority to vehicle,2
Over 51,Male,5-10yr,Two-way (divided with broken lines road marking),Y Shape,Asphalt roads,Daylight,Raining,Collision with roadside objects,Going straight,Changing lane to the right,2
Unknown,Female,Above 10yr,Double carriageway (median),Y Shape,Earth roads,Daylight,Raining,Vehicle with vehicle collision,Other,No distancing,2
Over 51,Male,5-10yr,Undivided Two way,No junction,Asphalt roads,Darkness - lights lit,Normal,Vehicle with vehicle collision,Going straight,No priority to pedestrian,2
31-50,Male,5-10yr,Two-way (divided with broken lines road marking),No junction,Asphalt roads,Darkness - lights lit,Normal,Collision with pedestrians,Going straight,No distancing,2
31-50,Male,Above 10yr,Two-way (divided with broken lines road marking),No junction,Asphalt roads,Darkness - lights lit,Normal,Vehicle with vehicle collision,Going straight,No priority to vehicle,2
Over 51,Male,Unknown,One way,Y Shape,Asphalt roads,Daylight,Normal,Vehicle with vehicle collision,Going straight,Other,2
Unknown,Male,5-10yr,Double carriageway (median),No junction,Asphalt roads,Daylight,Normal,Collision with pedestrians,Going straight,Driving carelessly,2
31-50,Male,5-10yr,Two-way (divided with broken lines road marking),No junction,Asphalt roads,Daylight,Normal,Collision with pedestrians,Reversing,Changing lane to the left,2
Under 18,Male,Below 1yr,Double carriageway (median),Y Shape,Asphalt roads,Daylight,Normal,Collision with pedestrians,Other,Driving carelessly,1
Over 51,Male,Unknown,Undivided Two way,Y Shape,Asphalt roads,Daylight,Normal,Collision with roadside objects,Going straight,Changing lane to the left,1
31-50,Male,5-10yr,Two-way (divided with broken lines road marking),Unknown,Asphalt roads,Daylight,Normal,Vehicle with vehicle collision,Going straight,No priority to vehicle,2
Over 51,Male,5-10yr,other,Unknown,Asphalt roads,Daylight,Normal,Vehicle with vehicle collision,Going straight,No distancing,2
31-50,Male,Above 10yr,other,Unknown,Asphalt roads,Daylight,Normal,Vehicle with vehicle collision,Going straight,Changing lane to the right,2
31-50,Male,Above 10yr,Two-way (divided with broken lines road marking),Unknown,Asphalt roads,Daylight,Normal,Vehicle with vehicle collision,Going straight,Changing lane to the right,2
31-50,Male,Above 10yr,other,Crossing,Asphalt roads,Daylight,Normal,Vehicle with vehicle collision,Going straight,Driving at high speed,2
Unknown,Male,Above 10yr,Two-way (divided with broken lines road marking),No junction,Asphalt roads,Daylight,Unknown,Vehicle with vehicle collision,Going straight,No distancing,2
18-30,Male,Above 10yr,Two-way (divided with broken lines road marking),Y Shape,Asphalt roads,Daylight,Normal,Collision with pedestrians,Going straight,Changing lane to the right,2
18-30,Male,Above 10yr,Two-way (divided with broken lines road marking),Y Shape,Earth roads,Daylight,Normal,Collision with roadside objects,Going straight,Changing lane to the left,2
18-30,Male,5-10yr,Undivided Two way,Y Shape,Asphalt roads,Daylight,Normal,Vehicle with vehicle collision,Moving Backward,Getting off the vehicle improperly,2
Under 18,Male,2-5yr,Two-way (divided with broken lines road marking),No junction,Unknown,Daylight,Normal,Vehicle with vehicle collision,Moving Backward,Other,2
Unknown,Male,Below 1yr,Two-way (divided with broken lines road marking),No junction,Asphalt roads,Daylight,Unknown,Vehicle with vehicle collision,Turnover,Other,1