age,sex,exp,medians,junction,surface,light,weather,collision,car_movement,acc_cause,severity
Over 51,Male,2-5yr,Two-way (divided with broken lines road marking),Y Shape,Earth roads,Daylight,Normal,Vehicle with vehicle collision,Going straight,Moving Backward,2
Unknown,Male,5-10yr,Two-way (divided with broken lines road marking),Y Shape,Asphalt roads,Daylight,Normal,Collision with roadside objects,Going straight,No distancing,2
18-30,Male,Above 10yr,Undivided Two way,Y Shape,Asphalt roads,Daylight,Normal,Vehicle with vehicle collision,Going straight,Moving Backward,2
18-30,Male,2-5yr,Undivided Two way,No junction,Asphalt roads,Daylight,Raining,Vehicle with vehicle collision,Moving Backward,No priority to vehicle,2
Under 18,Male,Above 10yr,Two-way (divided with broken lines road marking),Crossing,Asphalt roads,Daylight,Normal,Vehicle with vehicle collision,Moving Backward,Driving carelessly,2
18-30,Male,1-2yr,Two-way (divided with broken lines road marking),No junction,Asphalt roads,Daylight,Normal,Collision with pedestrians,Moving Backward,No distancing,2
18-30,Male,5-10yr,Two-way (divided with broken lines road marking),No junction,Asphalt roads,Daylight,Normal,Collision with roadside objects,Other,Other,2
18-30,Male,2-5yr,Undivided Two way,O Shape,Asphalt roads,Daylight,Normal,Collision with pedestrians,Going straight,Changing lane to the right,2
Over 51,Male,2-5yr,Double carriageway (median),O Shape,Asphalt roads,Daylight,Normal,Vehicle with vehicle collision,Unknown,No distancing,2
18-30,Male,2-5yr,Two-way (divided with broken lines road marking),Y Shape,Asphalt roads,Daylight,Raining,Vehicle with vehicle collision,Turnover,Driving carelessly,2
Unknown,Male,2-5yr,Undivided Two way,Y Shape,Asphalt roads,Daylight,Raining,Vehicle with vehicle collision,Getting off,No distancing,2
18-30,Male,Above 10yr,other,Y Shape,Asphalt roads,Daylight,Raining,Vehicle with vehicle collision,Going straight,No priority to vehicle,2
18-30,Male,Above 10yr,Undivided Two way,Crossing,Gravel roads,Darkness - lights lit,Normal,Vehicle with vehicle collision,Going straight,Changing lane to the right,2
18-30,Male,5-10yr,Undivided Two way,Crossing,Asphalt roads,Darkness - lights lit,Normal,Collision with roadside objects,Going straight,No priority to pedestrian,2
18-30,Male,Unknown,Undivided Two way,Crossing,Asphalt roads,Darkness - lights lit,Normal,Collision with roadside objects,Turnover,No priority to vehicle,2
18-30,Male,2-5yr,One way,Crossing,Asphalt roads,Darkness - lights lit,Normal,Vehicle with vehicle collision,Reversing,Changing lane to the left,2
18-30,Male,5-10yr,Undivided Two way,Crossing,Asphalt roads,Darkness - lights lit,Normal,Vehicle with vehicle collision,Moving Backward,Turnover,2
31-50,Male,5-10yr,Undivided Two way,Crossing,Asphalt roads,Darkness - lights lit,Normal,Vehicle with vehicle collision,Other,Driving to the left,2
18-30,Male,Above 10yr,Double carriageway (median),Crossing,Asphalt roads,Darkness - lights lit,Normal,Vehicle with vehicle collision,Going straight,Driving carelessly,2
Over 51,Male,5-10yr,Two-way (divided with solid lines road marking),No junction,Asphalt roads,Daylight,Normal,Vehicle with vehicle collision,Going straight,Driving to the left,1
31-50,Male,Above 10yr,other,No junction,Asphalt roads,Daylight,Normal,Vehicle with vehicle collision,Going straight,Driving carelessly,1
18-30,Male,Below 1yr,Undivided Two way,No junction,Asphalt roads,Daylight,Normal,Vehicle with vehicle collision,Going straight,No priority to pedestrian,2
Over 51,Male,5-10yr,other,No junction,Asphalt roads,Darkness - lights lit,Raining and Windy,Vehicle with vehicle collision,Going straight,Driving carelessly,2
Over 51,Male,1-2yr,other,Other,Asphalt roads,Daylight,Raining,Vehicle with vehicle collision,Going straight,Changing lane to the right,2
18-30,Male,5-10yr,other,Other,Asphalt roads,Daylight,Raining,Vehicle with vehicle collision,Going straight,Moving Backward,2
18-30,Male,5-10yr,other,No junction,Asphalt roads,Daylight,Normal,Other,Going straight,Driving carelessly,2
18-30,Male,2-5yr,One way,Crossing,Asphalt roads,Daylight,Normal,Vehicle with vehicle collision,Going straight,Changing lane to the right,1
18-30,Male,5-10yr,Two-way (divided with broken lines road marking),Crossing,Asphalt roads,Daylight,Normal,Collision with roadside objects,Other,Driving carelessly,1
Unknown,Female,5-10yr,other,Crossing,Asphalt roads,Daylight,Normal,Vehicle with vehicle collision,Moving Backward,Driving carelessly,1
Over 51,Male,Above 10yr,Undivided Two way,No junction,Asphalt roads,Daylight,Normal,Vehicle with vehicle collision,Going straight,Driving carelessly,2
31-50,Male,Above 10yr,Two-way (divided with broken lines road marking),No junction,Asphalt roads,Darkness - lights lit,Normal,Vehicle with vehicle collision,Moving Backward,Changing lane to the right,1
31-50,Male,Below 1yr,Two-way (divided with broken lines road marking),No junction,Asphalt roads,Darkness - lights lit,Normal,Vehicle with vehicle collision,Going straight,Changing lane to the right,1
31-50,Male,5-10yr,Two-way (divided with broken lines road marking),Crossing,Asphalt roads,Daylight,Normal,Vehicle with vehicle collision,Moving Backward,Driving carelessly,2
Over 51,Male,5-10yr,Unknown,No junction,Asphalt roads,Daylight,Normal,Vehicle with vehicle collision,Unknown,Overtaking,2
Under 18,Male,2-5yr,Undivided Two way,No junction,Other,Daylight,Normal,Collision with roadside objects,Going straight,Changing lane to the right,2
Over 51,Male,Above 10yr,Two-way (divided with broken lines road marking),Crossing,Unknown,Daylight,Normal,Collision with roadside objects,Going straight,No distancing,2
18-30,Male,2-5yr,Two-way (divided with broken lines road marking),Crossing,Asphalt roads,Daylight,Normal,Vehicle with vehicle collision,Going straight,Other,2
Unknown,Male,Above 10yr,Two-way (divided with broken lines road marking),Crossing,Asphalt roads,Daylight,Normal,Collision with roadside objects,Going straight,Changing lane to the right,2
18-30,Male,Below 1yr,Two-way (divided with broken lines road marking),Other,Asphalt roads,Darkness - lights lit,Unknown,Collision with roadside objects,Other,Changing lane to the right,1
Unknown,Female,2-5yr,Two-way (divided with broken lines road marking),Other,Asphalt roads,Darkness - lights lit,Unknown,Vehicle with vehicle collision,Going straight,Overtaking,1
18-30,Male,5-10yr,Undivided Two way,Y Shape,Asphalt roads,Darkness - lights lit,Snow,Vehicle with vehicle collision,Moving Backward,Other,1
Unknown,Male,5-10yr,Two-way (divided with broken lines road marking),No junction,Asphalt roads,Daylight,Normal,Collision with roadside objects,Moving Backward,Driving to the left,2
18-30,Male,1-2yr,Undivided Two way,No junction,Asphalt roads,Daylight,Normal,Vehicle with vehicle collision,Moving Backward,Overtaking,2
18-30,Male,Unknown,Undivided Two way,No junction,Asphalt roads,Daylight,Normal,Vehicle with vehicle collision,Going straight,No priority to vehicle,2
18-30,Male,1-2yr,Undivided Two way,No junction,Asphalt roads,Daylight,Normal,Vehicle with vehicle collision,Going straight,Moving Backward,2
Under 18,Male,5-10yr,Undivided Two way,No junction,Asphalt roads,Daylight,Other,Vehicle with vehicle collision,Going straight,Other,2
31-50,Male,1-2yr,Undivided Two way,Y Shape,Asphalt roads,Daylight,Raining,Vehicle with vehicle collision,Going straight,No priority to vehicle,2
Under 18,Male,5-10yr,Two-way (divided with broken lines road marking),Y Shape,Asphalt roads,Daylight,Raining,Vehicle with vehicle collision,Other,No priority to pedestrian,2
Under 18,Male,2-5yr,Two-way (divided with broken lines road marking),Y Shape,Other,Daylight,Raining,Collision with pedestrians,Going straight,Changing lane to the right,2
Under 18,Male,2-5yr,Two-way (divided with broken lines road marking),Y Shape,Asphalt roads,Daylight,Raining,Vehicle with vehicle collision,Going straight,Changing lane to the right,2
31-50,Male,5-10yr,Undivided Two way,Y Shape,Asphalt roads,Daylight,Raining,Collision with roadside objects,Going straight,Changing lane to the right,2
Unknown,Male,Below 1yr,Two-way (divided with broken lines road marking),No junction,Asphalt roads,Daylight,Cloudy,Vehicle with vehicle collision,Reversing,Driving to the left,2
18-30,Male,Below 1yr,Two-way (divided with broken lines road marking),No junction,Asphalt roads,Daylight,Cloudy,Vehicle with vehicle collision,Moving Backward,Changing lane to the left,2
31-50,Male,Unknown,Undivided Two way,No junction,Asphalt roads,Darkness - lights lit,Other,Vehicle with vehicle collision,Going straight,Moving Backward,2
31-50,Male,Below 1yr,other,No junction,Asphalt roads,Darkness - lights lit,Other,Vehicle with vehicle collision,Going straight,Driving at high speed,2
31-50,Male,2-5yr,other,No junction,Asphalt roads,Darkness - lights lit,Other,Vehicle with vehicle collision,Reversing,Moving Backward,2
18-30,Male,2-5yr,Two-way (divided with broken lines road marking),Crossing,Asphalt roads,Darkness - lights lit,Raining,Vehicle with vehicle collision,Going straight,No distancing,2
Over 51,Male,5-10yr,Two-way (divided with broken lines road marking),Crossing,Asphalt roads,Darkness - lights lit,Raining,Vehicle with vehicle collision,Reversing,Other,2
Under 18,Male,5-10yr,other,Y Shape,Other,Darkness - lights lit,Normal,Vehicle with vehicle collision,Other,No priority to vehicle,2
Under 18,Male,5-10yr,Undivided Two way,Y Shape,Asphalt roads,Darkness - lights lit,Normal,Vehicle with vehicle collision,Unknown,Changing lane to the right,2
18-30,Male,5-10yr,other,Y Shape,Asphalt roads,Darkness - lights lit,Normal,Collision with roadside objects,Going straight,Other,2
Unknown,Female,5-10yr,Two-way (divided with broken lines road marking),Crossing,Unknown,Daylight,Normal,Vehicle with vehicle collision,Going straight,No distancing,2
18-30,Male,2-5yr,Two-way (divided with broken lines road marking),Crossing,Asphalt roads,Daylight,Normal,Collision with roadside objects,Going straight,Driving carelessly,2
18-30,Male,5-10yr,Two-way (divided with broken lines road marking),No junction,Asphalt roads,Darkness - lights lit,Raining,Vehicle with vehicle collision,Going straight,No distancing,2
18-30,Male,Below 1yr,Two-way (divided with broken lines road marking),No junction,Asphalt roads,Darkness - lights lit,Raining,Vehicle with vehicle collision,Going straight,Moving Backward,2
18-30,Male,1-2yr,Two-way (divided with broken lines road marking),No junction,Earth roads,Darkness - lights lit,Raining,Unknown,Going straight,No distancing,2
Unknown,Male,2-5yr,Undivided Two way,Crossing,Asphalt roads,Daylight,Normal,Collision with pedestrians,Going straight,Moving Backward,2
31-50,Male,2-5yr,Undivided Two way,Crossing,Asphalt roads,Daylight,Normal,Vehicle with vehicle collision,Going straight,No priority to pedestrian,2
18-30,Male,5-10yr,Double carriageway (median),No junction,Asphalt roads,Daylight,Normal,Vehicle with vehicle collision,Going straight,Changing lane to the left,2
18-30,Male,5-10yr,Two-way (divided with broken lines road marking),Y Shape,Asphalt roads,Daylight,Normal,Vehicle with vehicle collision,Going straight,No distancing,2
Under 18,Male,Unknown,Unknown,Y Shape,Asphalt roads,Daylight,Normal,Collision with pedestrians,Going straight,Other,2
18-30,Male,Above 10yr,Undivided Two way,Crossing,Asphalt roads,Darkness - lights lit,Unknown,Collision with roadside objects,Going straight,No distancing,2
Under 18,Male,Above 10yr,Two-way (divided with broken lines road marking),Crossing,Asphalt roads,Darkness - lights lit,Unknown,Unknown,Going straight,No priority to pedestrian,2
18-30,Male,Above 10yr,Undivided Two way,No junction,Asphalt roads,Daylight,Normal,Vehicle with vehicle collision,Going straight,Moving Backward,2
31-50,Male,unknown,other,No junction,Asphalt roads,Daylight,Normal,Unknown,Going straight,No priority to pedestrian,2
Under 18,Male,5-10yr,Two-way (divided with broken lines road marking),No junction,Asphalt roads,Darkness - lights lit,Cloudy,Unknown,Moving Backward,No distancing,2
18-30,Male,2-5yr,Double carriageway (median),No junction,Asphalt roads,Darkness - lights lit,Cloudy,Unknown,Going straight,No priority to pedestrian,2
18-30,Male,5-10yr,Double carriageway (median),No junction,Asphalt roads,Darkness - lights lit,Cloudy,Vehicle with vehicle collision,Going straight,Driving carelessly,2
Over 51,Male,2-5yr,Two-way (divided with broken lines road marking),No junction,Asphalt roads,Darkness - lights lit,Other,Vehicle with vehicle collision,Going straight,Getting off the vehicle improperly,2
Under 18,Male,5-10yr,Two-way (divided with broken lines road marking),No junction,Asphalt roads,Darkness - lights lit,Other,Collision with roadside objects,Unknown,Driving carelessly,2
31-50,Male,Above 10yr,Two-way (divided with broken lines road marking),No junction,Asphalt roads,Darkness - lights lit,Other,Collision with roadside objects,Turnover,Changing lane to the left,2
Unknown,Male,2-5yr,Two-way (divided with broken lines road marking),No junction,Asphalt roads,Darkness - lights lit,Normal,Vehicle with vehicle collision,Going straight,No priority to vehicle,2
18-30,Male,2-5yr,Unknown,No junction,Asphalt roads,Darkness - lights lit,Normal,Vehicle with vehicle collision,Going straight,Changing lane to the right,2
Unknown,Male,Above 10yr,Undivided Two way,No junction,Earth roads,Daylight,Raining,Vehicle with vehicle collision,Going straight,Changing lane to the right,2
18-30,Male,1-2yr,other,No junction,Asphalt roads,Daylight,Raining,Vehicle with vehicle collision,Going straight,No distancing,2
Over 51,Male,Above 10yr,other,No junction,Asphalt roads,Daylight,Raining,Vehicle with vehicle collision,Going straight,No distancing,2
Over 51,Male,Unknown,other,No junction,Asphalt roads,Daylight,Raining,Rollover,Going straight,Changing lane to the left,2
Unknown,Male,5-10yr,Unknown,No junction,Asphalt roads,Daylight,Raining,Vehicle with vehicle collision,Going straight,Changing lane to the right,2
Under 18,Male,5-10yr,Undivided Two way,Y Shape,Asphalt roads,Daylight,Normal,Collision with roadside objects,Going straight,No priority to vehicle,2
31-50,Male,5-10yr,other,Y Shape,Asphalt roads,Daylight,Normal,Collision with pedestrians,Going straight,Changing lane to the left,2
18-30,Male,Above 10yr,other,Y Shape,Asphalt roads,Darkness - lights lit,Unknown,Vehicle with vehicle collision,Turnover,No priority to vehicle,2
Unknown,Male,1-2yr,Undivided Two way,Y Shape,Asphalt roads,Darkness - lights lit,Unknown,Vehicle with vehicle collision,Unknown,Moving Backward,2
18-30,Male,2-5yr,other,No junction,Asphalt roads,Daylight,Other,Vehicle with vehicle collision,Reversing,Turnover,2
31-50,Male,Below 1yr,Undivided Two way,No junction,Asphalt roads,Daylight,Normal,Vehicle with vehicle collision,Other,No distancing,1
18-30,Male,Above 10yr,Double carriageway (median),No junction,Earth roads,Darkness - lights lit,Normal,Vehicle with vehicle collision,Going straight,No distancing,2
31-50,Male,1-2yr,other,No junction,Asphalt roads,Darkness - lights lit,Normal,Vehicle with vehicle collision,Going straight,No distancing,2
31-50,Male,5-10yr,Undivided Two way,Other,Asphalt roads,Daylight,Normal,Vehicle with vehicle collision,Turnover,Changing lane to the left,2
Unknown,Male,5-10yr,One way,Other,Asphalt roads,Daylight,Normal,Collision with roadside objects,Other,No priority to vehicle,2
Over 51,Male,Below 1yr,Undivided Two way,No junction,Asphalt roads,Daylight,Normal,Rollover,Going straight,Driving at high speed,1
31-50,Male,Unknown,other,No junction,Asphalt roads,Daylight,Normal,Vehicle with vehicle collision,Going straight,Overtaking,1
18-30,Male,Above 10yr,other,No junction,Asphalt roads,Darkness - lights lit,Normal,Collision with pedestrians,Other,Other,2
Under 18,Male,Unknown,One way,No junction,Asphalt roads,Daylight,Other,Vehicle with vehicle collision,Going straight,Changing lane to the left,1
Under 18,Male,1-2yr,One way,No junction,Asphalt roads,Daylight,Other,Vehicle with vehicle collision,Turnover,No priority to pedestrian,1
18-30,Male,2-5yr,Undivided Two way,Crossing,Gravel roads,Daylight,Raining,Collision with pedestrians,Going straight,Changing lane to the left,1
Over 51,Male,unknown,other,Crossing,Asphalt roads,Daylight,Raining,Collision with pedestrians,Turnover,No distancing,1
Over 51,Male,Above 10yr,Undivided Two way,Crossing,Asphalt roads,Daylight,Raining,Vehicle with vehicle collision,Going straight,Moving Backward,1
Over 51,Male,2-5yr,other,Crossing,Asphalt roads,Daylight,Raining,Vehicle with vehicle collision,Moving Backward,Changing lane to the left,1
18-30,Male,5-10yr,other,Crossing,Asphalt roads,Darkness - no lighting,Normal,Vehicle with vehicle collision,Unknown,Other,1
18-30,Male,2-5yr,Double carriageway (median),Crossing,Asphalt roads,Darkness - no lighting,Normal,Vehicle with vehicle collision,Going straight,No distancing,1
Unknown,Male,1-2yr,Undivided Two way,O Shape,Asphalt roads,Daylight,Unknown,Vehicle with vehicle collision,Going straight,Moving Backward,2
18-30,Male,5-10yr,other,No junction,Asphalt roads,Daylight,Normal,Collision with roadside objects,Reversing,No distancing,1
31-50,Male,2-5yr,other,No junction,Asphalt roads,Daylight,Normal,Vehicle with vehicle collision,Reversing,Changing lane to the left,1
31-50,Male,5-10yr,Two-way (divided with solid lines road marking),No junction,Asphalt roads,Daylight,Normal,Vehicle with vehicle collision,Reversing,Changing lane to the left,1
18-30,Male,5-10yr,Undivided Two way,Y Shape,Asphalt roads,Darkness - no lighting,Normal,Vehicle with vehicle collision,Going straight,No priority to pedestrian,0
18-30,Male,2-5yr,Undivided Two way,Y Shape,Asphalt roads,Darkness - no lighting,Normal,Vehicle with vehicle collision,Going straight,Changing lane to the left,0
18-30,Male,2-5yr,other,Y Shape,Asphalt roads,Darkness - no lighting,Normal,Vehicle with vehicle collision,Going straight,Driving carelessly,0
18-30,Male,2-5yr,Undivided Two way,Y Shape,Asphalt roads,Darkness - no lighting,Normal,Vehicle with vehicle collision,Going straight,Driving carelessly,0
18-30,Male,5-10yr,Undivided Two way,No junction,Asphalt roads,Darkness - lights lit,Normal,Vehicle with vehicle collision,Moving Backward,No priority to pedestrian,2
18-30,Male,1-2yr,Double carriageway (median),No junction,Asphalt roads,Darkness - lights lit,Normal,Vehicle with vehicle collision,Going straight,Getting off the vehicle improperly,2
Unknown,Male,2-5yr,Undivided Two way,No junction,Asphalt roads,Daylight,Unknown,Vehicle with vehicle collision,Moving Backward,No distancing,2
31-50,Male,2-5yr,other,No junction,Asphalt roads,Daylight,Unknown,Vehicle with vehicle collision,Moving Backward,Changing lane to the left,2
18-30,Male,Unknown,other,No junction,Asphalt roads,Darkness - lights lit,Normal,Vehicle with vehicle collision,Going straight,No priority to vehicle,1
18-30,Male,1-2yr,other,Y Shape,Asphalt roads,Daylight,Raining,Vehicle with vehicle collision,Other,No distancing,2
Unknown,Male,Below 1yr,other,Crossing,Asphalt roads,Daylight,Normal,Vehicle with vehicle collision,Going straight,No priority to pedestrian,2
18-30,Male,1-2yr,Undivided Two way,Crossing,Earth roads,Daylight,Normal,Vehicle with vehicle collision,Other,No priority to pedestrian,2
31-50,Male,1-2yr,Two-way (divided with broken lines road marking),Y Shape,Asphalt roads,Daylight,Normal,Vehicle with vehicle collision,Going straight,No priority to vehicle,2
Unknown,Female,Above 10yr,Two-way (divided with broken lines road marking),Other,Asphalt roads,Daylight,Normal,Collision with roadside objects,Reversing,Driving carelessly,2
31-50,Male,1-2yr,Undivided Two way,Other,Asphalt roads,Daylight,Normal,Vehicle with vehicle collision,Unknown,Changing lane to the right,2
31-50,Male,2-5yr,Undivided Two way,Other,Asphalt roads,Daylight,Normal,Vehicle with vehicle collision,Going straight,Changing lane to the left,2
31-50,Male,2-5yr,Two-way (divided with broken lines road marking),Other,Asphalt roads,Daylight,Normal,Vehicle with vehicle collision,Going straight,Moving Backward,2
31-50,Male,Above 10yr,Two-way (divided with broken lines road marking),Other,Asphalt roads,Daylight,Normal,Vehicle with vehicle collision,Going straight,Driving carelessly,2
Unknown,Male,5-10yr,Undivided Two way,No junction,Asphalt roads,Daylight,Normal,Collision with pedestrians,Going straight,Driving to the left,2
31-50,Male,1-2yr,Two-way (divided with broken lines road marking),No junction,Gravel roads,Daylight,Normal,Vehicle with vehicle collision,Going straight,Driving to the left,2
Unknown,Male,5-10yr,Undivided Two way,Y Shape,Asphalt roads,Daylight,Normal,Vehicle with vehicle collision,Going straight,No priority to pedestrian,2
31-50,Male,2-5yr,Double carriageway (median),Y Shape,Asphalt roads,Daylight,Normal,Vehicle with vehicle collision,Other,Changing lane to the left,2
31-50,Male,1-2yr,Two-way (divided with broken lines road marking),Y Shape,Asphalt roads,Daylight,Normal,Vehicle with vehicle collision,Going straight,Changing lane to the right,2
31-50,Male,Above 10yr,Two-way (divided with broken lines road marking),Crossing,Other,Darkness - lights lit,Normal,Vehicle with vehicle collision,Going straight,Driving carelessly,2
18-30,Male,2-5yr,Undivided Two way,Crossing,Asphalt roads,Darkness - lights lit,Normal,Vehicle with vehicle collision,Going straight,No distancing,2
18-30,Male,5-10yr,Two-way (divided with broken lines road marking),Y Shape,Asphalt roads,Darkness - lights lit,Normal,Vehicle with vehicle collision,Going straight,Getting off the vehicle improperly,2
Unknown,Male,1-2yr,Double carriageway (median),Y Shape,Asphalt roads,Darkness - lights lit,Normal,Vehicle with vehicle collision,Reversing,Driving under the influence of drugs,2
Under 18,Male,Unknown,Two-way (divided with broken lines road marking),Y Shape,Asphalt roads,Darkness - lights lit,Normal,Collision with pedestrians,Going straight,Changing lane to the right,2
Unknown,Male,Unknown,Two-way (divided with broken lines road marking),Y Shape,Asphalt roads,Darkness - lights lit,Normal,Vehicle with vehicle collision,Going straight,Driving carelessly,2
Unknown,Female,5-10yr,Unknown,Y Shape,Asphalt roads,Darkness - lights lit,Normal,Vehicle with vehicle collision,Other,Moving Backward,2
Under 18,Male,2-5yr,Double carriageway (median),Y Shape,Asphalt roads,Darkness - lights lit,Normal,Vehicle with vehicle collision,Going straight,Turnover,2
31-50,Male,5-10yr,Two-way (divided with broken lines road marking),Y Shape,Asphalt roads,Daylight,Raining,Vehicle with vehicle collision,Going straight,Changing lane to the right,2
31-50,Male,2-5yr,Two-way (divided with broken lines road marking),Y Shape,Asphalt roads,Daylight,Raining,Collision with roadside objects,Going straight,Driving carelessly,2
31-50,Male,1-2yr,One way,Y Shape,Asphalt roads,Daylight,Normal,Vehicle with vehicle collision,Turnover,No priority to vehicle,1
18-30,Male,1-2yr,Undivided Two way,No junction,Asphalt roads,Daylight,Normal,Vehicle with vehicle collision,Going straight,Moving Backward,2
18-30,Male,5-10yr,Undivided Two way,No junction,Asphalt roads,Daylight,Normal,Vehicle with vehicle collision,Going straight,Changing lane to the left,2
Under 18,Male,unknown,other,Y Shape,Asphalt roads,Daylight,Raining,Vehicle with vehicle collision,Reversing,Overturning,2
Under 18,Male,5-10yr,Two-way (divided with broken lines road marking),Y Shape,Asphalt roads,Daylight,Raining,Vehicle with vehicle collision,Other,No distancing,2
31-50,Male,1-2yr,Undivided Two way,Y Shape,Gravel roads,Daylight,Raining,Vehicle with vehicle collision,Going straight,Driving carelessly,2
Unknown,Female,2-5yr,Two-way (divided with broken lines road marking),No junction,Asphalt roads,Daylight,Normal,Vehicle with vehicle collision,Going straight,No distancing,2
Unknown,Male,Above 10yr,Double carriageway (median),Y Shape,Asphalt roads,Daylight,Normal,Collision with roadside objects,Moving Backward,Changing lane to the left,2
Over 51,Male,5-10yr,Undivided Two way,Y Shape,Asphalt roads,Daylight,Normal,Vehicle with vehicle collision,Reversing,No priority to pedestrian,2
Unknown,Male,1-2yr,Undivided Two way,Other,Other,Daylight,Normal,Vehicle with vehicle collision,Going straight,No distancing,2
Over 51,Male,Above 10yr,Two-way (divided with broken lines road marking),Other,Asphalt roads,Daylight,Normal,Vehicle with vehicle collision,Going straight,No distancing,2
31-50,Male,1-2yr,Double carriageway (median),Other,Other,Darkness - lights lit,Normal,Vehicle with vehicle collision,Moving Backward,Changing lane to the left,2
Over 51,Male,2-5yr,Undivided Two way,No junction,Asphalt roads,Daylight,Normal,Rollover,Going straight,No distancing,2
Over 51,Male,Above 10yr,other,No junction,Asphalt roads,Daylight,Normal,Vehicle with vehicle collision,Going straight,Changing lane to the left,2
Over 51,Male,2-5yr,Two-way (divided with broken lines road marking),No junction,Asphalt roads,Daylight,Normal,Vehicle with vehicle collision,Going straight,No distancing,2
31-50,Male,5-10yr,Undivided Two way,No junction,Asphalt roads,Daylight,Normal,Collision with roadside objects,Going straight,No distancing,2
18-30,Male,Unknown,Undivided Two way,Other,Asphalt roads,Daylight,Normal,Vehicle with vehicle collision,Going straight,No distancing,2
31-50,Male,1-2yr,Double carriageway (median),Other,Asphalt roads,Daylight,Normal,Vehicle with vehicle collision,Going straight,Changing lane to the left,2
18-30,Male,5-10yr,Undivided Two way,No junction,Asphalt roads,Darkness - lights lit,Other,Vehicle with vehicle collision,Unknown,Changing lane to the right,2
18-30,Male,5-10yr,Undivided Two way,No junction,Asphalt roads,Darkness - lights lit,Other,Collision with roadside objects,Going straight,Moving Backward,2
Unknown,Male,1-2yr,other,No junction,Asphalt roads,Daylight,Other,Collision with roadside objects,Reversing,Changing lane to the right,2
18-30,Male,5-10yr,Two-way (divided with broken lines road marking),No junction,Asphalt roads,Daylight,Normal,Vehicle with vehicle collision,Going straight,No distancing,2
18-30,Male,5-10yr,Two-way (divided with broken lines road marking),No junction,Asphalt roads,Daylight,Normal,Vehicle with vehicle collision,Going straight,Overtaking,2
31-50,Male,2-5yr,Undivided Two way,No junction,Asphalt roads,Daylight,Normal,Collision with roadside objects,Going straight,Other,2
Unknown,Male,1-2yr,Double carriageway (median),Y Shape,Asphalt roads,Darkness - lights lit,Normal,Collision with roadside objects,Going straight,Other,0
Unknown,Female,5-10yr,Double carriageway (median),Crossing,Asphalt roads,Darkness - lights lit,Normal,Vehicle with vehicle collision,Going straight,Changing lane to the right,2
31-50,Male,Below 1yr,Two-way (divided with broken lines road marking),Crossing,Asphalt roads,Darkness - lights lit,Normal,Vehicle with vehicle collision,Going straight,No priority to pedestrian,2
Unknown,Male,5-10yr,Two-way (divided with broken lines road marking),Crossing,Asphalt roads,Daylight,Normal,Vehicle with vehicle collision,Other,No priority to vehicle,2
18-30,Male,5-10yr,Two-way (divided with broken lines road marking),No junction,Asphalt roads,Darkness - no lighting,Normal,Collision with roadside objects,Moving Backward,Changing lane to the left,2
18-30,Male,5-10yr,Two-way (divided with broken lines road marking),No junction,Asphalt roads,Darkness - no lighting,Normal,Vehicle with vehicle collision,Other,Changing lane to the left,2
18-30,Male,5-10yr,Double carriageway (median),No junction,Asphalt roads,Darkness - no lighting,Normal,Vehicle with vehicle collision,Going straight,Overtaking,2
Under 18,Male,2-5yr,Double carriageway (median),Other,Asphalt roads,Daylight,Normal,Vehicle with vehicle collision,Going straight,No distancing,2
Under 18,Male,5-10yr,Two-way (divided with broken lines road marking),Other,Asphalt roads,Daylight,Normal,Rollover,Going straight,No priority to vehicle,2
18-30,Male,Above 10yr,Two-way (divided with broken lines road marking),No junction,Earth roads,Daylight,Normal,Vehicle with vehicle collision,Other,Changing lane to the right,2
18-30,Male,Below 1yr,Two-way (divided with broken lines road marking),No junction,Asphalt roads,Daylight,Normal,Vehicle with vehicle collision,Going straight,Changing lane to the left,2
Unknown,Male,5-10yr,other,Crossing,Asphalt roads,Darkness - lights lit,Normal,Collision with pedestrians,Unknown,No distancing,2
18-30,Male,2-5yr,Two-way (divided with broken lines road marking),Crossing,Asphalt roads,Darkness - lights lit,Normal,Vehicle with vehicle collision,Going straight,Driving carelessly,2
18-30,Male,2-5yr,Two-way (divided with broken lines road marking),No junction,Asphalt roads,Daylight,Normal,Vehicle with vehicle collision,Going straight,No priority to pedestrian,2
Unknown,Male,1-2yr,Two-way (divided with broken lines road marking),No junction,Asphalt roads,Daylight,Normal,Vehicle with vehicle collision,Going straight,Driving carelessly,2
Under 18,Male,2-5yr,Two-way (divided with broken lines road marking),Y Shape,Asphalt roads,Daylight,Normal,Vehicle with vehicle collision,Going straight,Moving Backward,2
Unknown,Male,2-5yr,Unknown,Y Shape,Asphalt roads,Daylight,Normal,Collision with roadside objects,Moving Backward,No distancing,2
Under 18,Male,Above 10yr,Two-way (divided with broken lines road marking),No junction,Asphalt roads,Darkness - lights lit,Normal,Vehicle with vehicle collision,Moving Backward,No distancing,1
Under 18,Male,Below 1yr,Undivided Two way,No junction,Asphalt roads,Darkness - lights lit,Normal,Vehicle with vehicle collision,Going straight,No distancing,1
Unknown,Male,2-5yr,Undivided Two way,Y Shape,Asphalt roads,Daylight,Normal,Vehicle with vehicle collision,Going straight,Changing lane to the left,2