age,sex,exp,medians,junction,surface,light,weather,collision,car_movement,acc_cause,severity
Unknown,Male,Unknown,Undivided Two way,No junction,Asphalt roads,Daylight,Normal,Vehicle with vehicle collision,Going straight,Overtaking,2
18-30,Male,1-2yr,Undivided Two way,No junction,Asphalt roads,Daylight,Normal,Vehicle with vehicle collision,Going straight,Overloading,2
31-50,Male,5-10yr,Double carriageway (median),No junction,Asphalt roads,Daylight,Normal,Vehicle with vehicle collision,Going straight,Other,2
31-50,Male,5-10yr,Undivided Two way,No junction,Asphalt roads,Darkness - lights lit,Unknown,Vehicle with vehicle collision,Going straight,No priority to vehicle,2
18-30,Male,5-10yr,other,No junction,Asphalt roads,Darkness - lights lit,Unknown,Vehicle with vehicle collision,Going straight,Changing lane to the right,2
Unknown,Unknown,5-10yr,other,No junction,Asphalt roads,Darkness - lights lit,Normal,Vehicle with vehicle collision,Going straight,Moving Backward,2
Over 51,Male,Above 10yr,other,No junction,Asphalt roads,Darkness - lights lit,Normal,Vehicle with vehicle collision,Going straight,Changing lane to the left,2
Unknown,Male,5-10yr,other,Y Shape,Asphalt roads,Darkness - lights lit,Raining,Vehicle with vehicle collision,Going straight,No priority to pedestrian,2
18-30,Male,No Licence,Undivided Two way,Y Shape,Asphalt roads,Darkness - lights lit,Raining,Vehicle with vehicle collision,Moving Backward,No distancing,2
Unknown,Male,Below 1yr,Two-way (divided with broken lines road marking),Y Shape,Asphalt roads,Daylight,Unknown,Vehicle with vehicle collision,Moving Backward,No priority to vehicle,2
18-30,Male,5-10yr,Two-way (divided with broken lines road marking),Y Shape,Asphalt roads,Daylight,Unknown,Vehicle with vehicle collision,Turnover,No distancing,2
Over 51,Male,5-10yr,Undivided Two way,No junction,Asphalt roads,Daylight,Normal,Rollover,Other,No distancing,2
31-50,Male,5-10yr,Undivided Two way,Crossing,Asphalt roads,Daylight,Normal,Collision with roadside objects,Other,Moving Backward,2
31-50,Male,5-10yr,Two-way (divided with broken lines road marking),Crossing,Asphalt roads,Daylight,Normal,Vehicle with vehicle collision,Going straight,Changing lane to the right,2
31-50,Male,5-10yr,Two-way (divided with broken lines road marking),Y Shape,Asphalt roads,Daylight,Normal,Vehicle with vehicle collision,Going straight,No priority to pedestrian,2
18-30,Male,2-5yr,Undivided Two way,Crossing,Asphalt roads,Daylight,Normal,Collision with roadside objects,Other,Moving Backward,2
31-50,Male,5-10yr,Two-way (divided with broken lines road marking),Crossing,Asphalt roads,Daylight,Normal,Vehicle with vehicle collision,Other,Getting off the vehicle improperly,2
31-50,Male,Above 10yr,Undivided Two way,No junction,Asphalt roads,Daylight,Normal,Vehicle with vehicle collision,Going straight,Overtaking,2
18-30,Male,1-2yr,Double carriageway (median),Y Shape,Asphalt roads with some distress,Daylight,Normal,Vehicle with vehicle collision,Reversing,Overloading,2
31-50,Male,Below 1yr,Two-way (divided with broken lines road marking),Y Shape,Asphalt roads,Daylight,Normal,Rollover,Other,Changing lane to the right,2
18-30,Male,1-2yr,Two-way (divided with broken lines road marking),Crossing,Asphalt roads,Darkness - no lighting,Normal,Rollover,Turnover,Improper parking,2
18-30,Male,5-10yr,Undivided Two way,Crossing,Asphalt roads,Darkness - no lighting,Normal,Collision with pedestrians,Going straight,Other,2
18-30,Male,1-2yr,Two-way (divided with broken lines road marking),Y Shape,Asphalt roads,Daylight,Normal,Vehicle with vehicle collision,Going straight,Changing lane to the left,2
18-30,Male,5-10yr,Double carriageway (median),No junction,Gravel roads,Darkness - lights lit,Normal,Vehicle with vehicle collision,Going straight,Changing lane to the right,2
31-50,Male,2-5yr,Two-way (divided with broken lines road marking),No junction,Asphalt roads,Darkness - lights lit,Normal,Vehicle with vehicle collision,Going straight,No priority to pedestrian,2
18-30,Male,Below 1yr,Two-way (divided with broken lines road marking),Crossing,Asphalt roads,Darkness - lights lit,Normal,Collision with pedestrians,Going straight,Overspeed,2
31-50,Male,5-10yr,Unknown,Crossing,Asphalt roads,Darkness - lights lit,Normal,Collision with pedestrians,Going straight,Changing lane to the left,2
31-50,Male,5-10yr,Double carriageway (median),Crossing,Asphalt roads,Daylight,Normal,Vehicle with vehicle collision,Going straight,No priority to vehicle,2
18-30,Male,5-10yr,Two-way (divided with broken lines road marking),Crossing,Asphalt roads,Daylight,Normal,Vehicle with vehicle collision,Going straight,Changing lane to the right,2
31-50,Male,2-5yr,Two-way (divided with broken lines road marking),Crossing,Asphalt roads,Daylight,Normal,Vehicle with vehicle collision,Going straight,No distancing,2
31-50,Male,Above 10yr,One way,Crossing,Asphalt roads,Daylight,Normal,Collision with roadside objects,Other,No priority to pedestrian,2
31-50,Male,5-10yr,Undivided Two way,Crossing,Asphalt roads,Daylight,Normal,Vehicle with vehicle collision,Going straight,No distancing,2
31-50,Male,Above 10yr,Undivided Two way,Crossing,Asphalt roads,Daylight,Raining,Collision with roadside objects,Going straight,No priority to vehicle,2
Under 18,Male,2-5yr,other,Crossing,Asphalt roads,Daylight,Raining,Vehicle with vehicle collision,Moving Backward,Other,2
31-50,Male,Below 1yr,Two-way (divided with broken lines road marking),No junction,Asphalt roads,Daylight,Normal,Vehicle with vehicle collision,Going straight,Driving carelessly,2
18-30,Male,Below 1yr,Undivided Two way,No junction,Asphalt roads,Daylight,Normal,Collision with roadside objects,Moving Backward,Changing lane to the left,2
18-30,Male,5-10yr,Two-way (divided with broken lines road marking),No junction,Asphalt roads,Daylight,Normal,Vehicle with vehicle collision,Other,Driving carelessly,2
18-30,Male,2-5yr,Double carriageway (median),No junction,Earth roads,Daylight,Normal,Vehicle with vehicle collision,Going straight,Changing lane to the left,2
31-50,Male,Below 1yr,Undivided Two way,Y Shape,Asphalt roads,Daylight,Normal,Collision with roadside objects,Reversing,No priority to vehicle,2
31-50,Male,2-5yr,Undivided Two way,Y Shape,Unknown,Daylight,Normal,Collision with roadside objects,Going straight,No distancing,2
31-50,Male,5-10yr,Two-way (divided with broken lines road marking),Y Shape,Unknown,Daylight,Normal,Vehicle with vehicle collision,Other,Changing lane to the right,2
31-50,Male,Above 10yr,Double carriageway (median),Crossing,Asphalt roads,Daylight,Normal,Vehicle with vehicle collision,Other,Changing lane to the right,2
31-50,Male,Above 10yr,Undivided Two way,Crossing,Earth roads,Daylight,Normal,Vehicle with vehicle collision,Other,Driving at high speed,2
18-30,Male,5-10yr,other,No junction,Asphalt roads,Daylight,Normal,Vehicle with vehicle collision,Stopping,No distancing,1
Unknown,Female,1-2yr,Two-way (divided with broken lines road marking),No junction,Asphalt roads,Daylight,Normal,Vehicle with vehicle collision,Other,Changing lane to the right,2
18-30,Male,5-10yr,Undivided Two way,No junction,Earth roads,Daylight,Normal,Vehicle with vehicle collision,Other,Changing lane to the left,2
18-30,Male,5-10yr,Undivided Two way,No junction,Asphalt roads,Daylight,Normal,Vehicle with vehicle collision,Other,Getting off the vehicle improperly,2
Under 18,Male,1-2yr,Double carriageway (median),Crossing,Asphalt roads,Daylight,Normal,Vehicle with vehicle collision,Going straight,Other,2
18-30,Male,5-10yr,Undivided Two way,Crossing,Asphalt roads,Daylight,Normal,Vehicle with vehicle collision,Going straight,Other,2
Unknown,Female,Above 10yr,Undivided Two way,No junction,Asphalt roads,Daylight,Normal,Vehicle with vehicle collision,Going straight,No distancing,2
18-30,Male,Below 1yr,other,No junction,Asphalt roads,Daylight,Normal,Vehicle with vehicle collision,Going straight,No priority to vehicle,1
18-30,Male,5-10yr,Two-way (divided with broken lines road marking),No junction,Asphalt roads,Daylight,Normal,Vehicle with vehicle collision,Going straight,Overtaking,1
18-30,Male,Above 10yr,Two-way (divided with broken lines road marking),Crossing,Asphalt roads,Daylight,Normal,Vehicle with vehicle collision,Going straight,No priority to pedestrian,2
18-30,Male,Below 1yr,Undivided Two way,Crossing,Asphalt roads,Daylight,Normal,Vehicle with vehicle collision,Going straight,No distancing,2
18-30,Male,1-2yr,Double carriageway (median),No junction,Asphalt roads,Daylight,Normal,Vehicle with vehicle collision,Going straight,Changing lane to the right,2
31-50,Male,Above 10yr,Double carriageway (median),No junction,Asphalt roads,Daylight,Normal,Vehicle with vehicle collision,Going straight,Driving carelessly,2
18-30,Male,Above 10yr,Two-way (divided with broken lines road marking),No junction,Asphalt roads,Daylight,Normal,Vehicle with vehicle collision,Going straight,Changing lane to the right,2
18-30,Male,Above 10yr,Two-way (divided with broken lines road marking),No junction,Asphalt roads,Darkness - lights lit,Normal,Vehicle with vehicle collision,Going straight,Overtaking,2
Under 18,Male,No Licence,Two-way (divided with broken lines road marking),Y Shape,Asphalt roads with some distress,Daylight,Normal,Collision with roadside objects,Reversing,Other,2
31-50,Male,1-2yr,Two-way (divided with broken lines road marking),Y Shape,Asphalt roads,Daylight,Normal,Vehicle with vehicle collision,Going straight,Driving to the left,2
18-30,Male,1-2yr,Double carriageway (median),No junction,Asphalt roads,Daylight,Normal,Collision with pedestrians,Other,Driving at high speed,2
18-30,Male,Below 1yr,Double carriageway (median),No junction,Asphalt roads,Daylight,Normal,Vehicle with vehicle collision,Unknown,Unknown,2
31-50,Male,1-2yr,Two-way (divided with broken lines road marking),Y Shape,Asphalt roads,Daylight,Normal,Collision with roadside objects,Getting off,Moving Backward,1
18-30,Male,2-5yr,Two-way (divided with broken lines road marking),Y Shape,Asphalt roads,Daylight,Normal,Vehicle with vehicle collision,Going straight,Overtaking,1
Over 51,Male,5-10yr,Two-way (divided with broken lines road marking),Crossing,Asphalt roads,Daylight,Normal,Vehicle with vehicle collision,Going straight,Changing lane to the left,2
18-30,Male,Above 10yr,other,Crossing,Asphalt roads,Daylight,Normal,Vehicle with vehicle collision,Going straight,Changing lane to the right,2
31-50,Male,2-5yr,Unknown,No junction,Asphalt roads,Daylight,Normal,Vehicle with vehicle collision,Going straight,Overtaking,2
31-50,Male,Above 10yr,Undivided Two way,No junction,Asphalt roads,Daylight,Normal,Vehicle with vehicle collision,Turnover,Overloading,2
18-30,Male,5-10yr,other,No junction,Asphalt roads,Daylight,Normal,Rollover,Entering a junction,Other,2
18-30,Male,Unknown,other,No junction,Asphalt roads,Darkness - lights lit,Normal,Collision with roadside objects,Entering a junction,No priority to vehicle,2
31-50,Male,5-10yr,other,Other,Asphalt roads,Daylight,Normal,Vehicle with vehicle collision,Entering a junction,Changing lane to the right,2
31-50,Unknown,Below 1yr,Unknown,Other,Asphalt roads,Daylight,Normal,Vehicle with vehicle collision,Entering a junction,Moving Backward,2
31-50,Male,2-5yr,Undivided Two way,Other,Asphalt roads,Daylight,Normal,Collision with roadside objects,Other,Changing lane to the left,2
18-30,Male,2-5yr,other,No junction,Asphalt roads,Daylight,Normal,Vehicle with vehicle collision,Entering a junction,No priority to pedestrian,2
18-30,Male,2-5yr,other,No junction,Asphalt roads,Daylight,Normal,Vehicle with vehicle collision,Turnover,No distancing,2
18-30,Male,2-5yr,Undivided Two way,Unknown,Asphalt roads,Darkness - lights lit,Normal,Vehicle with vehicle collision,Entering a junction,No priority to vehicle,2
Under 18,Male,5-10yr,other,Unknown,Asphalt roads,Darkness - lights lit,Normal,Vehicle with vehicle collision,Entering a junction,No distancing,2
Over 51,Male,5-10yr,Undivided Two way,Y Shape,Asphalt roads,Daylight,Normal,Vehicle with vehicle collision,Entering a junction,No distancing,2
Over 51,Male,Above 10yr,Double carriageway (median),Y Shape,Gravel roads,Daylight,Normal,Vehicle with vehicle collision,Entering a junction,Moving Backward,2
Over 51,Male,5-10yr,other,Y Shape,Asphalt roads,Daylight,Normal,Collision with pedestrians,Entering a junction,Changing lane to the right,2
Over 51,Male,5-10yr,Undivided Two way,Y Shape,Asphalt roads,Daylight,Normal,Vehicle with vehicle collision,Other,No priority to pedestrian,2
18-30,Male,Above 10yr,One way,Other,Asphalt roads,Daylight,Normal,Collision with roadside objects,Going straight,Moving Backward,2
31-50,Male,Unknown,Undivided Two way,Other,Asphalt roads,Daylight,Normal,Vehicle with vehicle collision,Going straight,Getting off the vehicle improperly,2
18-30,Male,5-10yr,other,Y Shape,Asphalt roads,Darkness - lights lit,Normal,Vehicle with vehicle collision,Other,Overtaking,2
18-30,Male,5-10yr,other,Y Shape,Asphalt roads,Darkness - lights lit,Normal,Vehicle with vehicle collision,Going straight,Overloading,2
31-50,Male,Below 1yr,One way,Y Shape,Asphalt roads,Darkness - lights lit,Normal,Vehicle with vehicle collision,Going straight,Changing lane to the right,2
18-30,Male,Unknown,One way,Crossing,Asphalt roads,Daylight,Normal,Vehicle with vehicle collision,Going straight,Improper parking,2
Over 51,Male,5-10yr,Undivided Two way,Crossing,Asphalt roads,Daylight,Normal,Vehicle with vehicle collision,Going straight,Other,2
31-50,Male,5-10yr,other,Crossing,Asphalt roads,Daylight,Normal,Vehicle with vehicle collision,Going straight,Changing lane to the left,2
31-50,Male,Above 10yr,Undivided Two way,Crossing,Asphalt roads,Daylight,Normal,Vehicle with vehicle collision,Reversing,Changing lane to the right,2
Unknown,Female,Above 10yr,other,Y Shape,Asphalt roads,Darkness - lights lit,Normal,Vehicle with vehicle collision,Moving Backward,No priority to pedestrian,2
31-50,Male,Above 10yr,other,Y Shape,Asphalt roads,Daylight,Raining,Collision with roadside objects,Overtaking,Overspeed,2
18-30,Male,Above 10yr,Double carriageway (median),Y Shape,Asphalt roads,Daylight,Raining,Vehicle with vehicle collision,Going straight,Changing lane to the left,2
31-50,Male,Above 10yr,Undivided Two way,Crossing,Gravel roads,Daylight,Normal,Collision with roadside objects,Going straight,No priority to vehicle,2
31-50,Male,Above 10yr,other,Crossing,Asphalt roads,Daylight,Normal,Vehicle with vehicle collision,Going straight,Changing lane to the right,2
18-30,Male,5-10yr,other,No junction,Asphalt roads,Darkness - lights lit,Normal,Vehicle with vehicle collision,Going straight,No distancing,1
31-50,Male,2-5yr,Two-way (divided with solid lines road marking),No junction,Asphalt roads,Darkness - lights lit,Normal,Unknown,Going straight,No priority to pedestrian,1
18-30,Male,Below 1yr,Undivided Two way,Y Shape,Asphalt roads,Daylight,Normal,Collision with pedestrians,Going straight,No distancing,2
18-30,Male,Below 1yr,Undivided Two way,Crossing,Earth roads,Daylight,Normal,Vehicle with vehicle collision,Going straight,No priority to vehicle,2
31-50,Male,2-5yr,other,Crossing,Asphalt roads,Daylight,Normal,Vehicle with vehicle collision,Reversing,Other,2
31-50,Male,Below 1yr,Undivided Two way,Crossing,Asphalt roads,Daylight,Normal,Vehicle with vehicle collision,Going straight,Driving carelessly,2
31-50,Male,Below 1yr,Undivided Two way,Crossing,Unknown,Daylight,Normal,Collision with pedestrians,Going straight,Changing lane to the left,2
18-30,Female,Unknown,Double carriageway (median),No junction,Gravel roads,Daylight,Normal,Collision with roadside objects,Other,Driving carelessly,2
18-30,Male,5-10yr,Undivided Two way,No junction,Asphalt roads,Daylight,Normal,Unknown,Entering a junction,Changing lane to the left,2
31-50,Male,Below 1yr,other,Y Shape,Unknown,Daylight,Normal,Vehicle with vehicle collision,Turnover,No priority to vehicle,2
31-50,Male,Below 1yr,other,Y Shape,Asphalt roads,Daylight,Normal,Unknown,Going straight,No distancing,2
31-50,Male,1-2yr,other,Y Shape,Earth roads,Daylight,Normal,Unknown,Going straight,Changing lane to the right,2
18-30,Male,Above 10yr,other,Y Shape,Asphalt roads,Daylight,Normal,Unknown,Going straight,Changing lane to the right,2
31-50,Male,Above 10yr,Undivided Two way,Y Shape,Asphalt roads,Daylight,Normal,Vehicle with vehicle collision,Going straight,Driving at high speed,2
31-50,Male,Below 1yr,Two-way (divided with broken lines road marking),Y Shape,Asphalt roads,Daylight,Normal,Vehicle with vehicle collision,Going straight,No distancing,2
18-30,Male,2-5yr,Two-way (divided with broken lines road marking),Y Shape,Asphalt roads,Daylight,Normal,Collision with roadside objects,Going straight,Changing lane to the right,2
18-30,Male,2-5yr,Undivided Two way,Y Shape,Asphalt roads,Daylight,Normal,Collision with roadside objects,Going straight,Changing lane to the left,2
31-50,Male,Above 10yr,Undivided Two way,Other,Earth roads,Daylight,Normal,Vehicle with vehicle collision,Going straight,Getting off the vehicle improperly,1
Over 51,Male,2-5yr,Two-way (divided with broken lines road marking),Other,Asphalt roads,Daylight,Normal,Vehicle with vehicle collision,Getting off,Other,1
31-50,Male,2-5yr,Two-way (divided with broken lines road marking),No junction,Asphalt roads,Daylight,Normal,Vehicle with vehicle collision,Getting off,Other,2
31-50,Male,1-2yr,Undivided Two way,No junction,Asphalt roads,Daylight,Normal,Vehicle with vehicle collision,Getting off,No distancing,2
18-30,Male,5-10yr,Two-way (divided with broken lines road marking),No junction,Asphalt roads,Daylight,Normal,Vehicle with vehicle collision,Moving Backward,No priority to vehicle,2
31-50,Male,Below 1yr,Undivided Two way,No junction,Asphalt roads,Daylight,Normal,Rollover,Going straight,Overtaking,2
18-30,Male,Below 1yr,Double carriageway (median),No junction,Asphalt roads,Daylight,Normal,Vehicle with vehicle collision,Going straight,No priority to pedestrian,1
18-30,Male,Unknown,Two-way (divided with broken lines road marking),No junction,Asphalt roads,Daylight,Normal,Collision with roadside objects,Waiting to go,No distancing,1
18-30,Male,Below 1yr,Two-way (divided with broken lines road marking),Crossing,Asphalt roads,Daylight,Normal,Collision with pedestrians,Going straight,Changing lane to the right,1
18-30,Male,1-2yr,Undivided Two way,Crossing,Asphalt roads,Daylight,Normal,Vehicle with vehicle collision,Other,Driving carelessly,1
31-50,Male,2-5yr,Two-way (divided with broken lines road marking),No junction,Asphalt roads,Daylight,Normal,Vehicle with vehicle collision,Going straight,Changing lane to the right,1
18-30,Male,1-2yr,Double carriageway (median),No junction,Asphalt roads,Daylight,Normal,Vehicle with vehicle collision,Going straight,Overtaking,1
31-50,Male,5-10yr,Two-way (divided with broken lines road marking),No junction,Earth roads,Daylight,Normal,Vehicle with vehicle collision,Going straight,Other,1
Over 51,Male,Below 1yr,Two-way (divided with broken lines road marking),No junction,Asphalt roads,Daylight,Normal,Vehicle with vehicle collision,Going straight,Driving to the left,1
18-30,Male,Above 10yr,Unknown,No junction,Asphalt roads,Daylight,Normal,Vehicle with vehicle collision,Overtaking,Driving at high speed,2
Over 51,Male,5-10yr,Double carriageway (median),No junction,Asphalt roads,Daylight,Normal,Vehicle with vehicle collision,Going straight,Unknown,2
31-50,Male,Below 1yr,Two-way (divided with broken lines road marking),Crossing,Asphalt roads,Daylight,Normal,Collision with roadside objects,Going straight,Changing lane to the right,2
18-30,Male,5-10yr,Two-way (divided with broken lines road marking),Crossing,Other,Daylight,Normal,Rollover,Going straight,No distancing,2
18-30,Male,5-10yr,One way,Crossing,Gravel roads,Daylight,Normal,Vehicle with vehicle collision,Turnover,Other,2
18-30,Male,2-5yr,Undivided Two way,No junction,Gravel roads,Daylight,Normal,Collision with pedestrians,Going straight,No priority to vehicle,2
18-30,Male,Above 10yr,Undivided Two way,No junction,Asphalt roads,Daylight,Normal,Vehicle with vehicle collision,Going straight,Changing lane to the left,2
18-30,Male,5-10yr,other,No junction,Asphalt roads,Daylight,Normal,Vehicle with vehicle collision,Getting off,No priority to pedestrian,2
18-30,Male,1-2yr,Two-way (divided with broken lines road marking),No junction,Earth roads,Daylight,Normal,Collision with pedestrians,Moving Backward,Overtaking,2
18-30,Male,5-10yr,Undivided Two way,No junction,Asphalt roads,Daylight,Normal,Collision with pedestrians,Getting off,Driving carelessly,2
18-30,Male,Above 10yr,Two-way (divided with broken lines road marking),Y Shape,Asphalt roads,Daylight,Normal,Vehicle with vehicle collision,Overtaking,No priority to vehicle,2
31-50,Male,Unknown,Double carriageway (median),Y Shape,Asphalt roads,Daylight,Normal,Vehicle with vehicle collision,Going straight,No priority to pedestrian,2
Over 51,Male,5-10yr,Undivided Two way,No junction,Asphalt roads,Daylight,Normal,Vehicle with vehicle collision,Going straight,Changing lane to the right,2
18-30,Male,5-10yr,Undivided Two way,No junction,Earth roads,Daylight,Normal,Vehicle with vehicle collision,Going straight,Driving carelessly,2
18-30,Male,Below 1yr,Two-way (divided with broken lines road marking),No junction,Asphalt roads,Darkness - lights lit,Normal,Vehicle with vehicle collision,Reversing,Changing lane to the right,1
18-30,Male,Unknown,Double carriageway (median),No junction,Asphalt roads,Darkness - lights lit,Normal,Collision with roadside objects,Getting off,Changing lane to the right,1
Over 51,Male,5-10yr,Undivided Two way,Y Shape,Asphalt roads,Daylight,Normal,Vehicle with vehicle collision,Going straight,Changing lane to the left,2
18-30,Male,5-10yr,other,Y Shape,Asphalt roads,Daylight,Normal,Vehicle with vehicle collision,Going straight,Overturning,2
Over 51,Male,Above 10yr,Two-way (divided with broken lines road marking),No junction,Asphalt roads,Daylight,Normal,Vehicle with vehicle collision,Going straight,Driving carelessly,2
18-30,Male,Above 10yr,Undivided Two way,No junction,Asphalt roads,Daylight,Normal,Vehicle with vehicle collision,Reversing,No distancing,2
18-30,Male,Above 10yr,Undivided Two way,No junction,Asphalt roads,Daylight,Normal,Vehicle with vehicle collision,Going straight,Driving carelessly,2
18-30,Male,Above 10yr,Double carriageway (median),No junction,Asphalt roads,Daylight,Normal,Vehicle with vehicle collision,Stopping,Changing lane to the left,2
31-50,Female,Above 10yr,Undivided Two way,No junction,Asphalt roads,Daylight,Normal,Vehicle with vehicle collision,Overtaking,No priority to vehicle,2
Over 51,Male,Above 10yr,Undivided Two way,X Shape,Asphalt roads,Daylight,Normal,Vehicle with vehicle collision,Going straight,Changing lane to the right,2
31-50,Male,5-10yr,other,X Shape,Earth roads,Daylight,Normal,Vehicle with vehicle collision,Reversing,No distancing,2
Over 51,Male,2-5yr,Two-way (divided with broken lines road marking),X Shape,Asphalt roads,Daylight,Normal,Vehicle with vehicle collision,Going straight,Moving Backward,2
Over 51,Male,Below 1yr,Two-way (divided with broken lines road marking),X Shape,Asphalt roads,Daylight,Normal,Vehicle with vehicle collision,Going straight,Moving Backward,2
Under 18,Male,Below 1yr,Undivided Two way,No junction,Asphalt roads,Daylight,Normal,Vehicle with vehicle collision,Reversing,No distancing,2
18-30,Male,2-5yr,Double carriageway (median),No junction,Asphalt roads,Daylight,Normal,Vehicle with vehicle collision,Going straight,No distancing,2
18-30,Male,Below 1yr,Double carriageway (median),No junction,Earth roads,Daylight,Normal,Vehicle with vehicle collision,Waiting to go,No distancing,2
31-50,Male,Below 1yr,Two-way (divided with broken lines road marking),Y Shape,Asphalt roads,Daylight,Normal,Vehicle with vehicle collision,Going straight,No priority to pedestrian,2
18-30,Male,Unknown,Two-way (divided with broken lines road marking),No junction,Asphalt roads,Daylight,Normal,Collision with roadside objects,Going straight,Driving carelessly,2
18-30,Male,5-10yr,Two-way (divided with broken lines road marking),No junction,Asphalt roads,Daylight,Normal,Vehicle with vehicle collision,Going straight,Changing lane to the right,2
31-50,Male,Below 1yr,Two-way (divided with broken lines road marking),No junction,Asphalt roads,Daylight,Normal,Vehicle with vehicle collision,Going straight,Changing lane to the left,2
18-30,Male,Below 1yr,Double carriageway (median),Y Shape,Asphalt roads,Daylight,Normal,Vehicle with vehicle collision,Getting off,Driving carelessly,2
Over 51,Male,1-2yr,Double carriageway (median),Y Shape,Asphalt roads,Daylight,Normal,Vehicle with vehicle collision,Going straight,Driving carelessly,2
Under 18,Male,Above 10yr,Two-way (divided with broken lines road marking),Y Shape,Asphalt roads,Daylight,Normal,Collision with pedestrians,Going straight,No distancing,0
18-30,Male,Above 10yr,Two-way (divided with broken lines road marking),Y Shape,Asphalt roads,Darkness - lights lit,Normal,Vehicle with vehicle collision,Going straight,Other,2
31-50,Unknown,Below 1yr,Two-way (divided with broken lines road marking),Y Shape,Other,Darkness - lights lit,Normal,Vehicle with vehicle collision,Reversing,Changing lane to the right,2
18-30,Male,2-5yr,other,Y Shape,Asphalt roads,Daylight,Normal,Vehicle with vehicle collision,Turnover,Changing lane to the right,2
Over 51,Male,2-5yr,Two-way (divided with broken lines road marking),Y Shape,Asphalt roads,Daylight,Normal,Vehicle with vehicle collision,Going straight,No distancing,2
31-50,Male,Above 10yr,Two-way (divided with broken lines road marking),No junction,Asphalt roads,Daylight,Normal,Vehicle with vehicle collision,Going straight,No distancing,2
31-50,Male,2-5yr,Two-way (divided with broken lines road marking),No junction,Asphalt roads,Daylight,Normal,Vehicle with vehicle collision,Going straight,Overturning,2
Over 51,Male,2-5yr,Unknown,No junction,Asphalt roads,Daylight,Normal,Vehicle with vehicle collision,Going straight,Driving at high speed,2
Over 51,Male,1-2yr,Undivided Two way,No junction,Asphalt roads,Daylight,Normal,Vehicle with vehicle collision,Getting off,No priority to vehicle,2
Over 51,Male,5-10yr,other,Crossing,Asphalt roads,Daylight,Normal,Collision with pedestrians,Going straight,No priority to pedestrian,2
Over 51,Male,Below 1yr,other,Crossing,Earth roads,Daylight,Normal,Vehicle with vehicle collision,Going straight,No priority to vehicle,2
18-30,Male,Below 1yr,other,Y Shape,Asphalt roads,Daylight,Raining,Vehicle with vehicle collision,Going straight,Other,2
18-30,Male,Unknown,Unknown,Y Shape,Asphalt roads,Daylight,Raining,Vehicle with vehicle collision,Going straight,Other,2
18-30,Male,Below 1yr,Undivided Two way,Y Shape,Asphalt roads,Daylight,Raining,Vehicle with vehicle collision,Going straight,Moving Backward,2
31-50,Male,1-2yr,other,Crossing,Asphalt roads,Daylight,Normal,Collision with roadside objects,Going straight,No distancing,1
18-30,Male,2-5yr,other,Crossing,Asphalt roads,Daylight,Normal,Vehicle with vehicle collision,Going straight,Moving Backward,1
Under 18,Male,1-2yr,Undivided Two way,Y Shape,Asphalt roads,Daylight,Normal,Vehicle with vehicle collision,Going straight,No priority to vehicle,2
Under 18,Male,5-10yr,other,Y Shape,Asphalt roads,Daylight,Normal,Vehicle with vehicle collision,Going straight,Driving carelessly,2
18-30,Male,Below 1yr,Undivided Two way,No junction,Asphalt roads,Daylight,Raining,Vehicle with vehicle collision,Going straight,No distancing,2
18-30,Male,Above 10yr,Double carriageway (median),No junction,Asphalt roads,Daylight,Normal,Vehicle with vehicle collision,Reversing,Other,2
31-50,Male,5-10yr,other,No junction,Asphalt roads,Daylight,Normal,Vehicle with vehicle collision,Going straight,Changing lane to the right,2
31-50,Male,Below 1yr,Undivided Two way,Y Shape,Asphalt roads,Daylight,Normal,Vehicle with vehicle collision,Turnover,No distancing,2
18-30,Male,5-10yr,One way,Y Shape,Asphalt roads,Daylight,Normal,Collision with roadside objects,Going straight,Driving carelessly,2
18-30,Male,5-10yr,Undivided Two way,Y Shape,Asphalt roads,Darkness - lights lit,Normal,Vehicle with vehicle collision,Going straight,No distancing,1
31-50,Male,2-5yr,other,Y Shape,Asphalt roads,Darkness - lights lit,Normal,Vehicle with vehicle collision,Going straight,No priority to vehicle,1
31-50,Male,Above 10yr,other,Y Shape,Asphalt roads,Daylight,Normal,Vehicle with vehicle collision,Going straight,Changing lane to the right,2
18-30,Male,5-10yr,One way,Y Shape,Earth roads,Daylight,Normal,Vehicle with vehicle collision,Reversing,No priority to pedestrian,2
Over 51,Male,1-2yr,One way,Y Shape,Asphalt roads,Daylight,Normal,Rollover,Going straight,No priority to vehicle,2
31-50,Male,Above 10yr,Undivided Two way,Y Shape,Unknown,Daylight,Normal,Vehicle with vehicle collision,Turnover,Changing lane to the left,2
18-30,Male,2-5yr,other,Crossing,Asphalt roads,Daylight,Normal,Vehicle with vehicle collision,Going straight,Turnover,2
Unknown,Female,5-10yr,Undivided Two way,Other,Asphalt roads,Darkness - lights lit,Normal,Collision with roadside objects,Going straight,Driving to the left,2
Under 18,Male,Below 1yr,other,Other,Asphalt roads,Darkness - lights lit,Normal,Vehicle with vehicle collision,Going straight,Driving carelessly,2
31-50,Male,5-10yr,other,No junction,Asphalt roads,Daylight,Normal,Vehicle with vehicle collision,Going straight,Driving to the left,1
31-50,Male,Above 10yr,Double carriageway (median),No junction,Asphalt roads,Daylight,Normal,Vehicle with vehicle collision,Going straight,Driving carelessly,1
31-50,Male,5-10yr,Undivided Two way,No junction,Asphalt roads,Daylight,Normal,Collision with roadside objects,Getting off,No priority to pedestrian,1