age,sex,exp,medians,junction,surface,light,weather,collision,car_movement,acc_cause,severity
18-30,Male,1-2yr,other,No junction,Asphalt roads,Daylight,Raining,Rollover,Going straight,Driving under the influence of drugs,2
18-30,Male,5-10yr,Undivided Two way,No junction,Asphalt roads,Daylight,Raining,Vehicle with vehicle collision,Going straight,No priority to vehicle,2
18-30,Male,2-5yr,Two-way (divided with broken lines road marking),No junction,Asphalt roads,Daylight,Raining,Collision with pedestrians,Going straight,No priority to vehicle,2
31-50,Male,Unknown,Two-way (divided with broken lines road marking),Y Shape,Asphalt roads,Daylight,Normal,Vehicle with vehicle collision,Going straight,Changing lane to the left,1
Unknown,Female,2-5yr,other,Y Shape,Asphalt roads,Daylight,Unknown,Vehicle with vehicle collision,Going straight,Changing lane to the right,1
18-30,Male,2-5yr,other,Other,Asphalt roads,Darkness - no lighting,Raining,Collision with pedestrians,Going straight,Changing lane to the right,1
18-30,Male,Above 10yr,Two-way (divided with broken lines road marking),Crossing,Asphalt roads,Daylight,Normal,Collision with pedestrians,Going straight,Changing lane to the left,2
Under 18,Male,1-2yr,Undivided Two way,Crossing,Asphalt roads,Daylight,Normal,Vehicle with vehicle collision,Going straight,Changing lane to the left,2
18-30,Male,1-2yr,Undivided Two way,Y Shape,Asphalt roads,Daylight,Normal,Vehicle with vehicle collision,Other,Getting off the vehicle improperly,2
18-30,Male,No Licence,Undivided Two way,Y Shape,Asphalt roads,Daylight,Normal,Vehicle with vehicle collision,Going straight,Overtaking,2
Over 51,Male,1-2yr,Undivided Two way,Y Shape,Asphalt roads,Daylight,Normal,Vehicle with vehicle collision,Reversing,Changing lane to the left,2
18-30,Male,5-10yr,Undivided Two way,Crossing,Asphalt roads,Darkness - lights lit,Normal,Vehicle with vehicle collision,Going straight,Driving under the influence of drugs,2
18-30,Male,Above 10yr,Undivided Two way,Crossing,Asphalt roads,Darkness - lights lit,Normal,Collision with roadside objects,Reversing,Driving carelessly,2
31-50,Male,Above 10yr,Unknown,Y Shape,Asphalt roads,Daylight,Normal,Vehicle with vehicle collision,Going straight,Moving Backward,1
18-30,Male,5-10yr,Two-way (divided with broken lines road marking),Crossing,Asphalt roads,Daylight,Normal,Vehicle with vehicle collision,Reversing,No distancing,2
Over 51,Male,2-5yr,Undivided Two way,Crossing,Asphalt roads,Daylight,Normal,Vehicle with vehicle collision,Unknown,No priority to vehicle,2
Under 18,Male,2-5yr,Two-way (divided with broken lines road marking),No junction,Asphalt roads,Daylight,Normal,Vehicle with vehicle collision,Going straight,Overturning,1
Under 18,Male,Below 1yr,Two-way (divided with broken lines road marking),Y Shape,Asphalt roads,Darkness - lights lit,Normal,Vehicle with vehicle collision,Reversing,Changing lane to the left,2
18-30,Male,2-5yr,One way,Y Shape,Asphalt roads,Darkness - lights lit,Normal,Vehicle with vehicle collision,Other,No distancing,2
18-30,Male,2-5yr,Undivided Two way,Y Shape,Asphalt roads,Daylight,Normal,Vehicle with vehicle collision,Going straight,Moving Backward,1
31-50,Male,5-10yr,Undivided Two way,No junction,Asphalt roads,Daylight,Normal,Vehicle with vehicle collision,Going straight,No priority to vehicle,2
Over 51,Male,Above 10yr,Two-way (divided with broken lines road marking),No junction,Asphalt roads,Daylight,Normal,Vehicle with vehicle collision,Going straight,No priority to vehicle,2
Over 51,Male,Unknown,One way,Crossing,Asphalt roads,Daylight,Normal,Vehicle with vehicle collision,Moving Backward,No distancing,2
18-30,Male,2-5yr,Undivided Two way,Y Shape,Asphalt roads,Daylight,Normal,Vehicle with vehicle collision,Going straight,No distancing,2
31-50,Male,5-10yr,One way,Y Shape,Asphalt roads,Daylight,Normal,Vehicle with vehicle collision,Going straight,Overtaking,2
Over 51,Male,2-5yr,Two-way (divided with broken lines road marking),Y Shape,Asphalt roads,Daylight,Normal,Vehicle with vehicle collision,Going straight,Driving under the influence of drugs,1
31-50,Male,Unknown,Two-way (divided with broken lines road marking),Y Shape,Asphalt roads,Daylight,Normal,Vehicle with vehicle collision,Going straight,Changing lane to the right,1
18-30,Male,1-2yr,Undivided Two way,Y Shape,Asphalt roads,Daylight,Normal,Vehicle with vehicle collision,Other,Changing lane to the left,1
18-30,Male,2-5yr,Two-way (divided with solid lines road marking),Y Shape,Asphalt roads,Daylight,Normal,Collision with roadside objects,Unknown,Driving carelessly,1
31-50,Male,Above 10yr,Undivided Two way,No junction,Asphalt roads,Daylight,Normal,Vehicle with vehicle collision,Going straight,Moving Backward,1
18-30,Male,Below 1yr,One way,No junction,Asphalt roads,Daylight,Normal,Vehicle with vehicle collision,Turnover,Moving Backward,1
18-30,Male,2-5yr,Two-way (divided with broken lines road marking),Y Shape,Asphalt roads,Daylight,Normal,Vehicle with vehicle collision,Going straight,Changing lane to the right,2
31-50,Male,Below 1yr,Undivided Two way,Y Shape,Asphalt roads,Daylight,Normal,Vehicle with vehicle collision,Moving Backward,No priority to vehicle,2
31-50,Male,5-10yr,Two-way (divided with broken lines road marking),Y Shape,Asphalt roads,Daylight,Normal,Collision with pedestrians,Moving Backward,Driving at high speed,2
18-30,Male,1-2yr,One way,Y Shape,Asphalt roads,Daylight,Normal,Vehicle with vehicle collision,Going straight,Driving under the influence of drugs,2
18-30,Male,Below 1yr,Undivided Two way,Y Shape,Asphalt roads,Daylight,Normal,Vehicle with vehicle collision,Other,Changing lane to the right,2
18-30,Male,Unknown,One way,Y Shape,Unknown,Daylight,Normal,Vehicle with vehicle collision,Going straight,Driving carelessly,2
Under 18,Male,Below 1yr,Undivided Two way,Y Shape,Asphalt roads,Daylight,Normal,Vehicle with vehicle collision,Going straight,No distancing,2
31-50,Male,Below 1yr,Undivided Two way,Y Shape,Asphalt roads,Daylight,Normal,Vehicle with vehicle collision,Going straight,Changing lane to the left,2
Over 51,Male,Unknown,Undivided Two way,No junction,Asphalt roads,Daylight,Normal,Vehicle with vehicle collision,Going straight,No distancing,2
18-30,Female,2-5yr,Two-way (divided with broken lines road marking),No junction,Asphalt roads,Daylight,Normal,Vehicle with vehicle collision,Going straight,No distancing,2
Under 18,Male,Above 10yr,Undivided Two way,Y Shape,Asphalt roads,Daylight,Normal,Vehicle with vehicle collision,Going straight,Getting off the vehicle improperly,1
Under 18,Male,Above 10yr,Two-way (divided with broken lines road marking),Y Shape,Asphalt roads,Daylight,Normal,Collision with pedestrians,Going straight,Overtaking,1
31-50,Male,5-10yr,Undivided Two way,Y Shape,Asphalt roads,Daylight,Normal,Vehicle with vehicle collision,Going straight,Driving carelessly,1
31-50,Male,1-2yr,Two-way (divided with broken lines road marking),Y Shape,Asphalt roads,Daylight,Normal,Vehicle with vehicle collision,Other,Driving under the influence of drugs,1
Over 51,Male,Below 1yr,Two-way (divided with broken lines road marking),No junction,Asphalt roads,Daylight,Raining,Vehicle with vehicle collision,Going straight,Moving Backward,1
18-30,Male,Below 1yr,Two-way (divided with broken lines road marking),No junction,Asphalt roads,Daylight,Raining,Vehicle with vehicle collision,Overtaking,Overturning,1
31-50,Male,2-5yr,Undivided Two way,No junction,Asphalt roads,Daylight,Raining,Collision with roadside objects,Going straight,Driving under the influence of drugs,1
18-30,Male,1-2yr,Undivided Two way,Crossing,Asphalt roads,Daylight,Normal,Vehicle with vehicle collision,Going straight,Changing lane to the right,1
31-50,Male,5-10yr,Undivided Two way,Crossing,Asphalt roads,Daylight,Normal,Vehicle with vehicle collision,Going straight,Changing lane to the left,2
31-50,Male,2-5yr,other,Crossing,Asphalt roads,Daylight,Normal,Vehicle with vehicle collision,U-Turn,No distancing,2
31-50,Male,5-10yr,Undivided Two way,Y Shape,Asphalt roads,Daylight,Normal,Vehicle with vehicle collision,Going straight,No distancing,2
18-30,Male,Above 10yr,Two-way (divided with solid lines road marking),Y Shape,Asphalt roads,Daylight,Normal,Vehicle with vehicle collision,Going straight,No priority to vehicle,2
18-30,Male,5-10yr,Two-way (divided with solid lines road marking),No junction,Asphalt roads,Darkness - lights unlit,Normal,Vehicle with vehicle collision,Going straight,Moving Backward,2
31-50,Male,5-10yr,Two-way (divided with solid lines road marking),No junction,Asphalt roads,Darkness - lights unlit,Normal,Vehicle with vehicle collision,Going straight,Moving Backward,2
Over 51,Male,5-10yr,Two-way (divided with solid lines road marking),No junction,Asphalt roads,Darkness - lights lit,Normal,Collision with roadside objects,Turnover,Getting off the vehicle improperly,2
31-50,Male,Above 10yr,Two-way (divided with broken lines road marking),No junction,Asphalt roads,Darkness - lights lit,Normal,Vehicle with vehicle collision,Going straight,Changing lane to the left,2
18-30,Male,1-2yr,Undivided Two way,Y Shape,Asphalt roads,Darkness - lights lit,Normal,Vehicle with vehicle collision,Going straight,Changing lane to the left,2
18-30,Male,2-5yr,Undivided Two way,Y Shape,Asphalt roads,Darkness - lights lit,Normal,Vehicle with vehicle collision,Moving Backward,No priority to vehicle,2
Under 18,Male,1-2yr,other,No junction,Asphalt roads,Daylight,Normal,Vehicle with vehicle collision,Going straight,Changing lane to the right,1
18-30,Male,Unknown,Undivided Two way,No junction,Asphalt roads,Daylight,Normal,Rollover,Moving Backward,Changing lane to the right,1
18-30,Male,5-10yr,Two-way (divided with broken lines road marking),No junction,Asphalt roads,Darkness - lights lit,Normal,Vehicle with vehicle collision,Going straight,Driving carelessly,1
Over 51,Male,5-10yr,Undivided Two way,Y Shape,Asphalt roads,Daylight,Normal,Vehicle with vehicle collision,Going straight,Changing lane to the left,2
Over 51,Male,Above 10yr,Undivided Two way,Y Shape,Asphalt roads,Daylight,Normal,Collision with roadside objects,Going straight,Changing lane to the right,2
Over 51,Male,2-5yr,One way,Y Shape,Asphalt roads,Daylight,Normal,Vehicle with vehicle collision,Going straight,Driving under the influence of drugs,2
18-30,Male,Above 10yr,Two-way (divided with broken lines road marking),Crossing,Gravel roads,Darkness - lights lit,Normal,Vehicle with vehicle collision,U-Turn,Driving carelessly,1
31-50,Male,2-5yr,Undivided Two way,Crossing,Asphalt roads,Darkness - lights lit,Normal,Vehicle with vehicle collision,Going straight,No distancing,1
31-50,Male,5-10yr,Two-way (divided with broken lines road marking),Crossing,Asphalt roads,Darkness - lights lit,Normal,Collision with roadside objects,Going straight,No priority to vehicle,1
31-50,Male,5-10yr,other,Crossing,Asphalt roads,Darkness - lights lit,Normal,Collision with roadside objects,Going straight,No priority to vehicle,1
31-50,Male,5-10yr,Undivided Two way,No junction,Asphalt roads,Daylight,Normal,Vehicle with vehicle collision,Going straight,No priority to vehicle,2
18-30,Male,5-10yr,One way,No junction,Asphalt roads,Darkness - lights lit,Normal,Vehicle with vehicle collision,Going straight,Changing lane to the left,2
31-50,Male,Above 10yr,Undivided Two way,Y Shape,Asphalt roads,Daylight,Normal,Collision with roadside objects,Going straight,Moving Backward,2
18-30,Male,Below 1yr,Undivided Two way,Y Shape,Asphalt roads,Daylight,Normal,Collision with roadside objects,Stopping,Driving carelessly,2
31-50,Male,5-10yr,One way,No junction,Asphalt roads,Darkness - lights lit,Normal,Vehicle with vehicle collision,Turnover,Driving under the influence of drugs,2
31-50,Male,1-2yr,Undivided Two way,No junction,Asphalt roads,Darkness - lights lit,Normal,Collision with pedestrians,Getting off,Changing lane to the right,2
31-50,Male,Unknown,Two-way (divided with broken lines road marking),Y Shape,Asphalt roads with some distress,Darkness - lights lit,Normal,Vehicle with vehicle collision,Moving Backward,No priority to vehicle,2
Over 51,Male,Above 10yr,Two-way (divided with broken lines road marking),Y Shape,Asphalt roads,Darkness - lights lit,Normal,Vehicle with vehicle collision,Moving Backward,Changing lane to the right,2
31-50,Male,2-5yr,other,Y Shape,Asphalt roads,Darkness - lights lit,Normal,Vehicle with vehicle collision,Going straight,Driving to the left,2
31-50,Male,1-2yr,Double carriageway (median),Other,Asphalt roads,Darkness - lights lit,Raining,Vehicle with vehicle collision,Turnover,Moving Backward,2
18-30,Male,1-2yr,Two-way (divided with broken lines road marking),Other,Asphalt roads,Darkness - lights lit,Raining,Vehicle with vehicle collision,Going straight,No priority to vehicle,2
31-50,Male,2-5yr,Double carriageway (median),Y Shape,Asphalt roads,Daylight,Normal,Collision with roadside objects,Going straight,No distancing,2
31-50,Male,Above 10yr,Double carriageway (median),Y Shape,Asphalt roads,Daylight,Normal,Collision with roadside objects,U-Turn,Driving carelessly,2
Over 51,Male,2-5yr,Double carriageway (median),Y Shape,Asphalt roads,Daylight,Normal,Vehicle with vehicle collision,Going straight,Changing lane to the left,2
18-30,Male,5-10yr,Two-way (divided with broken lines road marking),Y Shape,Asphalt roads,Daylight,Normal,Vehicle with vehicle collision,Going straight,No priority to vehicle,2
Over 51,Male,Below 1yr,Unknown,No junction,Asphalt roads,Daylight,Normal,Vehicle with vehicle collision,U-Turn,No priority to vehicle,2
Over 51,Male,5-10yr,One way,Y Shape,Asphalt roads,Daylight,Normal,Vehicle with vehicle collision,Stopping,No distancing,2
Over 51,Male,Above 10yr,Undivided Two way,Y Shape,Asphalt roads,Daylight,Normal,Vehicle with vehicle collision,Going straight,Driving to the left,2
18-30,Male,5-10yr,Unknown,Y Shape,Asphalt roads,Darkness - lights lit,Normal,Vehicle with vehicle collision,Moving Backward,Driving carelessly,2
18-30,Male,1-2yr,Two-way (divided with broken lines road marking),Y Shape,Asphalt roads,Darkness - lights lit,Normal,Vehicle with vehicle collision,Getting off,Driving carelessly,2
18-30,Male,Unknown,Two-way (divided with broken lines road marking),Y Shape,Asphalt roads,Daylight,Normal,Vehicle with vehicle collision,Going straight,Changing lane to the right,2
18-30,Male,1-2yr,Two-way (divided with broken lines road marking),Y Shape,Asphalt roads,Daylight,Normal,Vehicle with vehicle collision,Going straight,Driving carelessly,2
18-30,Male,Above 10yr,Two-way (divided with broken lines road marking),Y Shape,Asphalt roads,Daylight,Normal,Vehicle with vehicle collision,Turnover,Changing lane to the left,2
Over 51,Male,1-2yr,Undivided Two way,Y Shape,Asphalt roads,Daylight,Normal,Other,Moving Backward,Driving carelessly,2
Over 51,Male,5-10yr,Undivided Two way,Y Shape,Asphalt roads,Daylight,Normal,Vehicle with vehicle collision,Going straight,Driving carelessly,2
18-30,Male,2-5yr,Two-way (divided with broken lines road marking),Crossing,Asphalt roads,Daylight,Normal,Collision with roadside objects,Moving Backward,Driving under the influence of drugs,2
18-30,Male,Unknown,Two-way (divided with broken lines road marking),Crossing,Asphalt roads,Daylight,Normal,Vehicle with vehicle collision,Going straight,Driving carelessly,2
18-30,Male,2-5yr,Two-way (divided with broken lines road marking),Crossing,Asphalt roads,Daylight,Normal,Vehicle with vehicle collision,Unknown,No distancing,2
31-50,Male,2-5yr,Undivided Two way,No junction,Asphalt roads,Darkness - lights lit,Normal,Vehicle with vehicle collision,Going straight,Driving carelessly,2
Over 51,Male,Above 10yr,Double carriageway (median),Y Shape,Asphalt roads,Daylight,Normal,Vehicle with vehicle collision,Unknown,Driving to the left,2
18-30,Male,1-2yr,Two-way (divided with broken lines road marking),Y Shape,Asphalt roads,Daylight,Normal,Vehicle with vehicle collision,Going straight,Overtaking,2
18-30,Male,1-2yr,Undivided Two way,No junction,Asphalt roads,Daylight,Raining,Vehicle with vehicle collision,Unknown,No distancing,2
31-50,Male,No Licence,other,No junction,Asphalt roads,Daylight,Raining,Collision with roadside objects,Going straight,Driving carelessly,2
31-50,Male,1-2yr,Undivided Two way,Y Shape,Asphalt roads,Daylight,Raining,Collision with roadside objects,Going straight,No priority to vehicle,2
31-50,Male,5-10yr,Undivided Two way,Y Shape,Asphalt roads,Daylight,Raining,Vehicle with vehicle collision,Going straight,No priority to vehicle,2
Over 51,Male,Above 10yr,Undivided Two way,Y Shape,Asphalt roads,Daylight,Normal,Collision with roadside objects,Going straight,No priority to vehicle,2
Over 51,Male,Above 10yr,One way,Y Shape,Asphalt roads,Daylight,Normal,Collision with roadside objects,Going straight,No priority to vehicle,2
18-30,Male,5-10yr,Undivided Two way,Y Shape,Asphalt roads,Darkness - lights lit,Normal,Vehicle with vehicle collision,Other,No distancing,2
31-50,Male,2-5yr,Undivided Two way,Y Shape,Asphalt roads,Darkness - lights lit,Normal,Vehicle with vehicle collision,Other,Moving Backward,2
Over 51,Male,2-5yr,Double carriageway (median),Y Shape,Asphalt roads,Daylight,Raining,Collision with roadside objects,Going straight,No distancing,2
Over 51,Male,Below 1yr,Two-way (divided with solid lines road marking),Y Shape,Asphalt roads,Daylight,Raining,Vehicle with vehicle collision,Going straight,Changing lane to the left,2
31-50,Male,2-5yr,other,Y Shape,Asphalt roads,Daylight,Raining,Vehicle with vehicle collision,Getting off,Changing lane to the left,2
18-30,Male,2-5yr,Undivided Two way,Y Shape,Asphalt roads,Darkness - lights lit,Cloudy,Vehicle with vehicle collision,Going straight,No priority to pedestrian,2
18-30,Male,5-10yr,other,Y Shape,Asphalt roads,Darkness - lights lit,Cloudy,Vehicle with vehicle collision,Going straight,Moving Backward,2
31-50,Male,Above 10yr,other,Y Shape,Asphalt roads,Darkness - lights lit,Raining,Vehicle with vehicle collision,Going straight,Changing lane to the left,2
Under 18,Male,Unknown,other,Y Shape,Asphalt roads,Darkness - lights lit,Raining,Vehicle with vehicle collision,Going straight,No distancing,2
18-30,Male,2-5yr,other,No junction,Asphalt roads,Daylight,Raining,Collision with pedestrians,Going straight,No priority to vehicle,2
31-50,Male,5-10yr,One way,No junction,Asphalt roads,Daylight,Raining,Vehicle with vehicle collision,Getting off,Changing lane to the right,2
31-50,Male,2-5yr,Two-way (divided with broken lines road marking),No junction,Asphalt roads,Daylight,Raining,Collision with roadside objects,Going straight,No distancing,2
Over 51,Male,Unknown,other,Y Shape,Asphalt roads,Daylight,Raining,Vehicle with vehicle collision,Going straight,No distancing,1
18-30,Male,1-2yr,Undivided Two way,Crossing,Asphalt roads,Daylight,Normal,Vehicle with vehicle collision,Other,Getting off the vehicle improperly,2
Over 51,Male,2-5yr,Two-way (divided with broken lines road marking),Crossing,Asphalt roads,Daylight,Normal,Vehicle with vehicle collision,Going straight,No priority to pedestrian,2
Over 51,Male,Above 10yr,Two-way (divided with broken lines road marking),Crossing,Asphalt roads,Daylight,Normal,Vehicle with vehicle collision,Going straight,Changing lane to the left,2
31-50,Male,Below 1yr,Two-way (divided with broken lines road marking),Crossing,Asphalt roads,Daylight,Normal,Vehicle with vehicle collision,Going straight,No distancing,2
Over 51,Male,2-5yr,Unknown,No junction,Asphalt roads,Daylight,Normal,Vehicle with vehicle collision,Going straight,Driving carelessly,2
Unknown,Female,Below 1yr,Undivided Two way,No junction,Asphalt roads,Darkness - lights lit,Windy,Vehicle with vehicle collision,Going straight,No distancing,2
18-30,Male,5-10yr,Two-way (divided with broken lines road marking),Crossing,Asphalt roads,Darkness - lights lit,Normal,Vehicle with vehicle collision,Reversing,Changing lane to the right,1
18-30,Male,1-2yr,Two-way (divided with broken lines road marking),Y Shape,Asphalt roads,Darkness - lights lit,Normal,Vehicle with vehicle collision,Other,Overtaking,2
Under 18,Male,Below 1yr,Two-way (divided with broken lines road marking),Y Shape,Asphalt roads,Darkness - lights lit,Normal,Collision with roadside objects,Going straight,Driving carelessly,2
Under 18,Male,Unknown,Two-way (divided with broken lines road marking),Y Shape,Asphalt roads,Darkness - lights lit,Normal,Vehicle with vehicle collision,Going straight,Moving Backward,2
Under 18,Male,Below 1yr,Two-way (divided with broken lines road marking),Y Shape,Asphalt roads,Darkness - lights lit,Normal,Collision with roadside objects,Going straight,No distancing,2
Under 18,Male,Below 1yr,Undivided Two way,Y Shape,Asphalt roads,Darkness - lights lit,Normal,Vehicle with vehicle collision,Going straight,Overtaking,2
18-30,Male,Unknown,Two-way (divided with broken lines road marking),No junction,Asphalt roads,Darkness - lights lit,Raining,Vehicle with vehicle collision,Going straight,Driving carelessly,2
18-30,Male,2-5yr,Undivided Two way,No junction,Asphalt roads,Darkness - lights lit,Raining,Unknown,Going straight,Driving carelessly,2
31-50,Male,Above 10yr,Undivided Two way,Y Shape,Asphalt roads,Daylight,Raining,Collision with pedestrians,Going straight,Moving Backward,2
18-30,Male,Above 10yr,Undivided Two way,Y Shape,Asphalt roads,Daylight,Raining,Vehicle with vehicle collision,Going straight,Driving carelessly,2
18-30,Male,5-10yr,Undivided Two way,No junction,Asphalt roads,Darkness - lights lit,Unknown,Vehicle with vehicle collision,Going straight,Driving to the left,2
Over 51,Male,1-2yr,Undivided Two way,No junction,Asphalt roads,Darkness - lights lit,Unknown,Vehicle with vehicle collision,Moving Backward,Changing lane to the left,2
18-30,Male,Below 1yr,Two-way (divided with broken lines road marking),Y Shape,Asphalt roads,Darkness - lights unlit,Raining,Collision with pedestrians,Moving Backward,No distancing,2
18-30,Male,Below 1yr,Two-way (divided with broken lines road marking),Y Shape,Asphalt roads,Darkness - lights unlit,Raining,Collision with roadside objects,Turnover,No distancing,2
Under 18,Male,2-5yr,Two-way (divided with broken lines road marking),Y Shape,Asphalt roads,Daylight,Normal,Unknown,Other,Changing lane to the right,2
Over 51,Male,1-2yr,Undivided Two way,Y Shape,Asphalt roads with some distress,Daylight,Normal,Vehicle with vehicle collision,Other,Driving under the influence of drugs,2
Over 51,Male,5-10yr,Two-way (divided with broken lines road marking),Y Shape,Asphalt roads,Daylight,Normal,Unknown,Going straight,Changing lane to the right,2
18-30,Male,2-5yr,Two-way (divided with broken lines road marking),Y Shape,Asphalt roads,Daylight,Normal,Unknown,Going straight,Changing lane to the left,2
18-30,Male,5-10yr,Undivided Two way,Crossing,Asphalt roads,Daylight,Normal,Unknown,Other,Moving Backward,2
31-50,Male,Above 10yr,other,Y Shape,Asphalt roads,Darkness - lights lit,Normal,Vehicle with vehicle collision,Other,No distancing,2
Unknown,Female,5-10yr,other,Y Shape,Gravel roads,Darkness - lights lit,Normal,Vehicle with vehicle collision,Going straight,Changing lane to the right,2
Unknown,Female,5-10yr,Two-way (divided with broken lines road marking),Y Shape,Asphalt roads,Darkness - lights lit,Normal,Collision with roadside objects,Reversing,Moving Backward,2
18-30,Male,5-10yr,Two-way (divided with broken lines road marking),No junction,Asphalt roads,Daylight,Normal,Collision with roadside objects,Other,No distancing,2
Unknown,Female,Above 10yr,other,Y Shape,Asphalt roads,Darkness - lights lit,Normal,Vehicle with vehicle collision,Turnover,Driving to the left,2
18-30,Male,1-2yr,Undivided Two way,Y Shape,Asphalt roads,Darkness - lights lit,Normal,Vehicle with vehicle collision,Going straight,Driving to the left,2
18-30,Male,2-5yr,other,Y Shape,Asphalt roads,Darkness - lights lit,Normal,Vehicle with vehicle collision,Going straight,Moving Backward,2
18-30,Male,1-2yr,Two-way (divided with broken lines road marking),No junction,Asphalt roads,Darkness - lights unlit,Normal,Vehicle with vehicle collision,Going straight,Moving Backward,2
18-30,Male,Unknown,Two-way (divided with broken lines road marking),No junction,Asphalt roads,Darkness - lights unlit,Normal,Vehicle with vehicle collision,Going straight,Overtaking,2
31-50,Male,5-10yr,Two-way (divided with broken lines road marking),Y Shape,Asphalt roads,Darkness - lights lit,Windy,Rollover,Going straight,Driving carelessly,2
18-30,Male,5-10yr,Two-way (divided with broken lines road marking),Y Shape,Asphalt roads,Darkness - lights lit,Normal,Vehicle with vehicle collision,Going straight,Changing lane to the left,2
Over 51,Male,Above 10yr,Two-way (divided with broken lines road marking),Crossing,Asphalt roads,Darkness - lights lit,Normal,Collision with roadside objects,Going straight,Driving under the influence of drugs,2
31-50,Male,2-5yr,Undivided Two way,Crossing,Asphalt roads,Darkness - lights lit,Normal,Collision with pedestrians,Going straight,No distancing,2
31-50,Male,Above 10yr,Undivided Two way,Y Shape,Asphalt roads,Darkness - lights lit,Normal,Vehicle with vehicle collision,Going straight,Moving Backward,2
18-30,Male,2-5yr,Double carriageway (median),No junction,Asphalt roads,Darkness - lights lit,Normal,Vehicle with vehicle collision,Other,Changing lane to the left,1
18-30,Male,5-10yr,Two-way (divided with broken lines road marking),No junction,Asphalt roads,Darkness - lights lit,Normal,Vehicle with vehicle collision,Going straight,Changing lane to the right,1
31-50,Male,5-10yr,Unknown,No junction,Asphalt roads,Daylight,Normal,Vehicle with vehicle collision,Going straight,No distancing,2
31-50,Male,5-10yr,Undivided Two way,Y Shape,Asphalt roads,Daylight,Normal,Vehicle with vehicle collision,Moving Backward,Driving at high speed,1
18-30,Male,5-10yr,Two-way (divided with broken lines road marking),Y Shape,Asphalt roads,Darkness - lights lit,Raining,Vehicle with vehicle collision,Going straight,Changing lane to the right,2
18-30,Male,Above 10yr,Undivided Two way,Y Shape,Asphalt roads,Darkness - lights lit,Raining,Vehicle with vehicle collision,Moving Backward,No priority to vehicle,2
31-50,Male,Below 1yr,other,Y Shape,Asphalt roads,Darkness - lights lit,Cloudy,Collision with roadside objects,Other,No distancing,2
18-30,Male,5-10yr,Two-way (divided with broken lines road marking),Y Shape,Asphalt roads,Darkness - lights lit,Cloudy,Rollover,Going straight,Turnover,2
18-30,Male,1-2yr,Double carriageway (median),Y Shape,Earth roads,Daylight,Normal,Vehicle with vehicle collision,Reversing,No distancing,2
Over 51,Male,Unknown,Double carriageway (median),No junction,Asphalt roads,Daylight,Raining,Collision with pedestrians,Going straight,Changing lane to the right,2
Over 51,Male,Above 10yr,Two-way (divided with broken lines road marking),No junction,Asphalt roads,Daylight,Raining,Vehicle with vehicle collision,Other,No distancing,2
Under 18,Male,2-5yr,Two-way (divided with broken lines road marking),Y Shape,Asphalt roads,Daylight,Normal,Vehicle with vehicle collision,Other,Changing lane to the left,2
Over 51,Male,1-2yr,Two-way (divided with broken lines road marking),Y Shape,Asphalt roads,Daylight,Normal,Collision with pedestrians,Other,Driving carelessly,2
31-50,Male,1-2yr,Two-way (divided with broken lines road marking),No junction,Asphalt roads,Darkness - lights lit,Windy,Collision with pedestrians,Stopping,Changing lane to the right,2
Under 18,Male,2-5yr,Two-way (divided with broken lines road marking),Crossing,Asphalt roads,Darkness - lights lit,Raining,Vehicle with vehicle collision,Other,No priority to vehicle,2
18-30,Male,Unknown,One way,Crossing,Asphalt roads,Darkness - lights lit,Raining,Vehicle with vehicle collision,Other,No distancing,2
31-50,Male,2-5yr,Undivided Two way,Y Shape,Asphalt roads,Darkness - lights lit,Normal,Vehicle with vehicle collision,Other,No priority to pedestrian,0
18-30,Male,1-2yr,other,No junction,Asphalt roads,Daylight,Raining,Vehicle with vehicle collision,Going straight,No priority to pedestrian,2
18-30,Male,5-10yr,Unknown,No junction,Asphalt roads with some distress,Daylight,Raining,Vehicle with vehicle collision,Going straight,No priority to vehicle,2
18-30,Male,Below 1yr,Undivided Two way,Y Shape,Asphalt roads,Darkness - lights lit,Other,Collision with roadside objects,Going straight,Changing lane to the left,2
31-50,Male,2-5yr,other,Y Shape,Asphalt roads,Darkness - lights lit,Other,Vehicle with vehicle collision,Going straight,Changing lane to the left,2
31-50,Male,5-10yr,other,Y Shape,Asphalt roads,Daylight,Normal,Vehicle with vehicle collision,Going straight,No distancing,2
31-50,Male,Above 10yr,other,Y Shape,Asphalt roads,Daylight,Normal,Vehicle with vehicle collision,Going straight,No priority to vehicle,2
31-50,Male,2-5yr,Unknown,Y Shape,Asphalt roads,Daylight,Normal,Vehicle with vehicle collision,Going straight,No distancing,2
Under 18,Male,Above 10yr,Undivided Two way,No junction,Asphalt roads,Darkness - lights lit,Normal,Vehicle with vehicle collision,Going straight,No distancing,2
18-30,Male,1-2yr,other,No junction,Asphalt roads,Darkness - lights lit,Normal,Vehicle with vehicle collision,Going straight,Changing lane to the right,2
Over 51,Male,5-10yr,other,No junction,Asphalt roads,Daylight,Normal,Vehicle with vehicle collision,Going straight,Changing lane to the left,2
18-30,Male,2-5yr,Undivided Two way,No junction,Asphalt roads,Daylight,Normal,Vehicle with vehicle collision,Going straight,No distancing,2
Over 51,Male,2-5yr,other,Y Shape,Asphalt roads,Daylight,Normal,Vehicle with vehicle collision,Reversing,Overturning,1
Under 18,Male,2-5yr,Undivided Two way,Y Shape,Asphalt roads,Daylight,Normal,Vehicle with vehicle collision,Going straight,No priority to vehicle,2