age,sex,exp,medians,junction,surface,light,weather,collision,car_movement,acc_cause,severity
31-50,Male,1-2yr,Double carriageway (median),Crossing,Asphalt roads,Darkness - no lighting,Cloudy,Vehicle with vehicle collision,Going straight,Driving at high speed,2
Over 51,Male,5-10yr,other,Other,Asphalt roads,Darkness - lights lit,Normal,Collision with roadside objects,Going straight,Moving Backward,2
31-50,Male,Above 10yr,Two-way (divided with broken lines road marking),Other,Asphalt roads,Darkness - lights lit,Normal,Vehicle with vehicle collision,Going straight,No distancing,2
Over 51,Male,Above 10yr,other,Y Shape,Asphalt roads,Daylight,Normal,Vehicle with vehicle collision,Going straight,Other,2
31-50,Male,5-10yr,other,Y Shape,Asphalt roads,Daylight,Normal,Collision with roadside objects,Going straight,No priority to vehicle,2
Over 51,Male,2-5yr,Two-way (divided with broken lines road marking),Y Shape,Asphalt roads,Daylight,Normal,Vehicle with vehicle collision,Going straight,Changing lane to the right,1
18-30,Male,2-5yr,other,Y Shape,Asphalt roads,Daylight,Normal,Vehicle with vehicle collision,Other,Other,1
31-50,Male,Below 1yr,Undivided Two way,Y Shape,Asphalt roads,Daylight,Normal,Collision with roadside objects,Going straight,No distancing,1
18-30,Male,2-5yr,Undivided Two way,No junction,Asphalt roads,Darkness - lights lit,Normal,Collision with roadside objects,Going straight,Driving carelessly,1
Unknown,Female,2-5yr,Two-way (divided with broken lines road marking),Crossing,Asphalt roads,Darkness - lights lit,Normal,Vehicle with vehicle collision,Going straight,No distancing,2
31-50,Male,5-10yr,Undivided Two way,Y Shape,Asphalt roads,Daylight,Normal,Vehicle with vehicle collision,Going straight,Moving Backward,2
Over 51,Male,Above 10yr,Double carriageway (median),Y Shape,Asphalt roads,Daylight,Normal,Vehicle with vehicle collision,Going straight,No distancing,2
31-50,Male,Unknown,other,Y Shape,Asphalt roads,Darkness - lights lit,Normal,Vehicle with vehicle collision,Going straight,Moving Backward,1
Unknown,Female,2-5yr,Two-way (divided with broken lines road marking),Y Shape,Asphalt roads,Darkness - lights lit,Normal,Vehicle with vehicle collision,Moving Backward,No priority to pedestrian,1
18-30,Male,5-10yr,Two-way (divided with broken lines road marking),Y Shape,Asphalt roads,Darkness - lights lit,Other,Vehicle with vehicle collision,Going straight,Changing lane to the left,2
31-50,Male,2-5yr,Undivided Two way,Y Shape,Asphalt roads,Darkness - lights lit,Other,Vehicle with vehicle collision,Going straight,No distancing,2
31-50,Male,Unknown,Undivided Two way,Y Shape,Asphalt roads,Darkness - lights lit,Other,Vehicle with vehicle collision,Going straight,Other,2
31-50,Male,1-2yr,Undivided Two way,Y Shape,Asphalt roads,Darkness - lights lit,Other,Vehicle with vehicle collision,Going straight,No distancing,2
31-50,Male,2-5yr,Two-way (divided with broken lines road marking),Other,Asphalt roads,Daylight,Normal,Vehicle with vehicle collision,Going straight,No priority to pedestrian,1
18-30,Male,Above 10yr,other,Other,Asphalt roads,Daylight,Normal,Vehicle with vehicle collision,Going straight,Moving Backward,1
Over 51,Male,Below 1yr,Unknown,No junction,Asphalt roads,Daylight,Raining,Vehicle with vehicle collision,Going straight,No priority to pedestrian,2
Under 18,Male,2-5yr,Double carriageway (median),No junction,Asphalt roads,Daylight,Normal,Vehicle with vehicle collision,Going straight,No distancing,1
31-50,Male,Below 1yr,Two-way (divided with broken lines road marking),Unknown,Asphalt roads,Darkness - lights unlit,Normal,Vehicle with vehicle collision,Going straight,No priority to pedestrian,2
31-50,Male,5-10yr,Two-way (divided with broken lines road marking),Unknown,Asphalt roads,Darkness - lights unlit,Normal,Vehicle with vehicle collision,Going straight,Driving carelessly,2
18-30,Male,1-2yr,Two-way (divided with broken lines road marking),Y Shape,Asphalt roads,Daylight,Other,Vehicle with vehicle collision,Going straight,Getting off the vehicle improperly,2
Over 51,Male,Below 1yr,Unknown,Y Shape,Asphalt roads,Daylight,Other,Vehicle with vehicle collision,Going straight,Driving carelessly,2
Over 51,Male,Unknown,Two-way (divided with broken lines road marking),Y Shape,Asphalt roads,Daylight,Other,Vehicle with vehicle collision,Other,Changing lane to the left,2
31-50,Male,Below 1yr,Double carriageway (median),No junction,Asphalt roads,Darkness - lights lit,Other,Collision with roadside objects,Going straight,No priority to vehicle,2
Over 51,Male,Below 1yr,Two-way (divided with broken lines road marking),Crossing,Asphalt roads,Darkness - lights lit,Windy,Vehicle with vehicle collision,Going straight,Changing lane to the right,2
31-50,Male,Unknown,Undivided Two way,Crossing,Asphalt roads,Darkness - lights lit,Windy,Collision with pedestrians,Going straight,Changing lane to the right,2
Over 51,Male,2-5yr,Two-way (divided with broken lines road marking),Y Shape,Asphalt roads,Daylight,Normal,Vehicle with vehicle collision,Going straight,No distancing,0
Over 51,Male,Above 10yr,Unknown,Unknown,Asphalt roads,Darkness - lights lit,Raining,Collision with roadside objects,Going straight,No distancing,1
Under 18,Male,Above 10yr,Two-way (divided with broken lines road marking),Unknown,Asphalt roads,Darkness - lights lit,Raining,Vehicle with vehicle collision,Going straight,Changing lane to the left,1
31-50,Male,5-10yr,Two-way (divided with broken lines road marking),Y Shape,Asphalt roads,Daylight,Unknown,Vehicle with vehicle collision,Going straight,Changing lane to the right,2
18-30,Male,1-2yr,Two-way (divided with broken lines road marking),Y Shape,Asphalt roads,Daylight,Unknown,Vehicle with vehicle collision,Other,No priority to vehicle,2
Unknown,Female,Below 1yr,Two-way (divided with broken lines road marking),No junction,Asphalt roads,Darkness - lights lit,Normal,Vehicle with vehicle collision,Going straight,Changing lane to the left,2
Over 51,Male,Below 1yr,Two-way (divided with broken lines road marking),Y Shape,Asphalt roads,Darkness - lights lit,Unknown,Vehicle with vehicle collision,Going straight,No priority to vehicle,1
18-30,Male,2-5yr,Double carriageway (median),Y Shape,Asphalt roads,Daylight,Normal,Rollover,Going straight,Moving Backward,2
Over 51,Male,1-2yr,Undivided Two way,Y Shape,Asphalt roads,Daylight,Normal,Collision with roadside objects,Going straight,Turnover,2
Over 51,Male,5-10yr,Two-way (divided with broken lines road marking),Y Shape,Asphalt roads,Daylight,Normal,Vehicle with vehicle collision,Going straight,No distancing,2
Over 51,Male,2-5yr,Two-way (divided with broken lines road marking),Y Shape,Asphalt roads,Daylight,Normal,Collision with roadside objects,Going straight,No distancing,2
Over 51,Male,5-10yr,Unknown,Y Shape,Asphalt roads,Daylight,Normal,Vehicle with vehicle collision,Going straight,No distancing,2
31-50,Male,Above 10yr,Undivided Two way,Y Shape,Asphalt roads,Daylight,Normal,Vehicle with vehicle collision,Going straight,Changing lane to the left,2
31-50,Male,5-10yr,Two-way (divided with broken lines road marking),Y Shape,Asphalt roads,Daylight,Normal,Vehicle with vehicle collision,Going straight,No priority to vehicle,2
31-50,Male,5-10yr,other,Y Shape,Asphalt roads,Darkness - lights lit,Raining,Vehicle with vehicle collision,Moving Backward,Driving at high speed,2
18-30,Male,5-10yr,other,Y Shape,Asphalt roads,Darkness - lights lit,Raining,Vehicle with vehicle collision,Going straight,Overtaking,2
Over 51,Male,Above 10yr,Undivided Two way,O Shape,Asphalt roads,Daylight,Normal,Collision with roadside objects,Going straight,Other,2
Over 51,Male,1-2yr,Two-way (divided with broken lines road marking),O Shape,Asphalt roads,Daylight,Normal,Vehicle with vehicle collision,Going straight,Changing lane to the left,2
31-50,Male,2-5yr,One way,O Shape,Asphalt roads,Daylight,Normal,Collision with roadside objects,Going straight,No priority to pedestrian,2
18-30,Male,1-2yr,Two-way (divided with broken lines road marking),No junction,Unknown,Daylight,Normal,Vehicle with vehicle collision,Moving Backward,Changing lane to the left,2
Over 51,Male,Unknown,Undivided Two way,Y Shape,Asphalt roads,Daylight,Normal,Vehicle with vehicle collision,Going straight,No distancing,2
Unknown,Female,5-10yr,Undivided Two way,Y Shape,Asphalt roads,Daylight,Normal,Vehicle with vehicle collision,Other,Moving Backward,2
18-30,Male,5-10yr,Two-way (divided with broken lines road marking),Y Shape,Asphalt roads,Daylight,Normal,Vehicle with vehicle collision,Other,Changing lane to the left,2
18-30,Male,Above 10yr,Two-way (divided with broken lines road marking),Y Shape,Asphalt roads,Daylight,Normal,Vehicle with vehicle collision,Going straight,Other,2
Under 18,Male,2-5yr,Undivided Two way,No junction,Asphalt roads,Daylight,Normal,Vehicle with vehicle collision,Going straight,No distancing,1
Under 18,Male,Above 10yr,Undivided Two way,No junction,Asphalt roads,Daylight,Normal,Vehicle with vehicle collision,Going straight,Moving Backward,1
31-50,Male,2-5yr,Two-way (divided with broken lines road marking),No junction,Asphalt roads,Daylight,Normal,Vehicle with vehicle collision,Going straight,No distancing,1
18-30,Male,5-10yr,Two-way (divided with broken lines road marking),Y Shape,Asphalt roads,Darkness - lights lit,Normal,Vehicle with vehicle collision,Other,Changing lane to the left,2
31-50,Male,5-10yr,other,Y Shape,Asphalt roads,Darkness - lights lit,Normal,Vehicle with vehicle collision,Going straight,Changing lane to the left,2
31-50,Male,5-10yr,Two-way (divided with broken lines road marking),Y Shape,Asphalt roads,Darkness - lights lit,Normal,Vehicle with vehicle collision,Getting off,No priority to pedestrian,2
18-30,Male,5-10yr,Double carriageway (median),Y Shape,Asphalt roads,Darkness - lights lit,Normal,Rollover,Going straight,Changing lane to the left,2
31-50,Male,Above 10yr,One way,Y Shape,Asphalt roads,Daylight,Normal,Collision with roadside objects,Going straight,Driving carelessly,2
31-50,Male,Below 1yr,Undivided Two way,Y Shape,Asphalt roads,Daylight,Normal,Vehicle with vehicle collision,Going straight,Driving carelessly,2
Over 51,Male,5-10yr,Undivided Two way,No junction,Asphalt roads,Darkness - lights lit,Other,Vehicle with vehicle collision,Going straight,No priority to pedestrian,2
31-50,Male,1-2yr,One way,No junction,Asphalt roads,Darkness - lights lit,Other,Collision with roadside objects,Going straight,Getting off the vehicle improperly,2
18-30,Male,Unknown,Undivided Two way,Y Shape,Asphalt roads,Darkness - lights lit,Normal,Vehicle with vehicle collision,Going straight,No distancing,2
31-50,Male,Above 10yr,Undivided Two way,Y Shape,Asphalt roads,Darkness - lights lit,Normal,Vehicle with vehicle collision,Moving Backward,Changing lane to the left,2
18-30,Female,2-5yr,Undivided Two way,O Shape,Asphalt roads,Darkness - lights lit,Normal,Vehicle with vehicle collision,Going straight,No priority to vehicle,1
31-50,Male,1-2yr,Two-way (divided with broken lines road marking),O Shape,Asphalt roads,Darkness - lights lit,Normal,Rollover,Other,No distancing,1
31-50,Male,1-2yr,Two-way (divided with broken lines road marking),Y Shape,Asphalt roads,Darkness - lights lit,Normal,Rollover,Going straight,No priority to pedestrian,2
Under 18,Male,2-5yr,Two-way (divided with broken lines road marking),Y Shape,Asphalt roads,Darkness - lights lit,Normal,Collision with pedestrians,Going straight,No priority to pedestrian,2
Unknown,Female,Unknown,Undivided Two way,No junction,Asphalt roads,Daylight,Normal,Vehicle with vehicle collision,Going straight,No priority to vehicle,2
18-30,Male,2-5yr,Undivided Two way,No junction,Asphalt roads,Daylight,Normal,Vehicle with vehicle collision,Going straight,Driving carelessly,2
18-30,Male,1-2yr,Undivided Two way,No junction,Asphalt roads,Darkness - lights lit,Normal,Vehicle with vehicle collision,Unknown,Changing lane to the right,2
18-30,Male,5-10yr,Undivided Two way,No junction,Asphalt roads,Daylight,Normal,Collision with pedestrians,Moving Backward,Changing lane to the left,1
31-50,Male,Below 1yr,other,Y Shape,Asphalt roads,Daylight,Normal,Collision with pedestrians,Unknown,Moving Backward,1
31-50,Male,2-5yr,Undivided Two way,Y Shape,Asphalt roads,Daylight,Normal,Vehicle with vehicle collision,Going straight,Driving carelessly,1
Unknown,Female,5-10yr,Undivided Two way,Y Shape,Asphalt roads,Darkness - lights lit,Normal,Vehicle with vehicle collision,Going straight,Driving to the left,1
18-30,Male,Above 10yr,other,Y Shape,Gravel roads,Darkness - lights lit,Normal,Vehicle with vehicle collision,Unknown,Driving to the left,1
Over 51,Male,2-5yr,One way,Y Shape,Asphalt roads,Daylight,Normal,Collision with roadside objects,Going straight,No priority to pedestrian,1
31-50,Male,Above 10yr,Undivided Two way,Y Shape,Asphalt roads,Daylight,Normal,Vehicle with vehicle collision,Going straight,Changing lane to the left,1
Unknown,Female,1-2yr,Undivided Two way,Y Shape,Asphalt roads,Darkness - lights lit,Other,Collision with roadside objects,Going straight,Changing lane to the right,1
31-50,Male,5-10yr,Two-way (divided with broken lines road marking),Y Shape,Asphalt roads,Darkness - lights lit,Other,Vehicle with vehicle collision,Going straight,Driving carelessly,1
18-30,Male,2-5yr,other,Crossing,Asphalt roads,Daylight,Normal,Vehicle with vehicle collision,Going straight,No distancing,2
31-50,Male,2-5yr,Two-way (divided with broken lines road marking),Other,Asphalt roads,Daylight,Normal,Collision with roadside objects,Going straight,Getting off the vehicle improperly,1
18-30,Male,2-5yr,Two-way (divided with broken lines road marking),Other,Asphalt roads,Daylight,Normal,Vehicle with vehicle collision,Going straight,Driving under the influence of drugs,1
Over 51,Male,2-5yr,Undivided Two way,Other,Asphalt roads,Daylight,Normal,Vehicle with vehicle collision,Other,Changing lane to the right,1
18-30,Male,Above 10yr,Undivided Two way,Other,Asphalt roads,Daylight,Normal,Collision with roadside objects,Going straight,Driving carelessly,1
Over 51,Male,Above 10yr,other,No junction,Asphalt roads with some distress,Daylight,Normal,Collision with roadside objects,Going straight,Moving Backward,2
31-50,Male,5-10yr,other,No junction,Asphalt roads,Daylight,Normal,Vehicle with vehicle collision,Going straight,Turnover,2
31-50,Male,Unknown,Two-way (divided with broken lines road marking),No junction,Asphalt roads,Daylight,Normal,Vehicle with vehicle collision,Going straight,Changing lane to the right,2
31-50,Male,2-5yr,Undivided Two way,No junction,Asphalt roads,Daylight,Normal,Vehicle with vehicle collision,Going straight,Driving carelessly,2
31-50,Male,5-10yr,Two-way (divided with broken lines road marking),No junction,Asphalt roads,Daylight,Normal,Vehicle with vehicle collision,Going straight,No priority to vehicle,2
Under 18,Male,5-10yr,Two-way (divided with broken lines road marking),No junction,Asphalt roads,Darkness - lights lit,Normal,Vehicle with vehicle collision,Moving Backward,Moving Backward,0
18-30,Male,Above 10yr,Undivided Two way,Unknown,Asphalt roads,Darkness - lights lit,Normal,Vehicle with vehicle collision,Going straight,Changing lane to the left,2
18-30,Male,5-10yr,Undivided Two way,Unknown,Asphalt roads,Daylight,Normal,Vehicle with vehicle collision,Going straight,Overturning,2
18-30,Male,Above 10yr,Undivided Two way,Unknown,Asphalt roads,Daylight,Raining,Vehicle with vehicle collision,Going straight,No distancing,2
18-30,Male,Below 1yr,Undivided Two way,Unknown,Asphalt roads,Daylight,Raining,Vehicle with vehicle collision,Going straight,Driving carelessly,2
18-30,Male,5-10yr,Undivided Two way,Unknown,Asphalt roads,Darkness - lights lit,Normal,Vehicle with vehicle collision,Going straight,No distancing,2
Under 18,Male,1-2yr,Undivided Two way,Unknown,Asphalt roads,Darkness - lights lit,Normal,Vehicle with vehicle collision,Going straight,Changing lane to the left,2
18-30,Male,5-10yr,Undivided Two way,Unknown,Asphalt roads,Daylight,Normal,Vehicle with vehicle collision,Going straight,No priority to pedestrian,2
31-50,Male,5-10yr,Two-way (divided with broken lines road marking),Unknown,Asphalt roads,Daylight,Normal,Vehicle with vehicle collision,Getting off,No distancing,2
31-50,Male,2-5yr,Two-way (divided with broken lines road marking),Unknown,Asphalt roads,Daylight,Normal,Vehicle with vehicle collision,Going straight,No distancing,1
18-30,Male,5-10yr,other,Unknown,Asphalt roads,Daylight,Normal,Vehicle with vehicle collision,Going straight,Changing lane to the left,1
18-30,Male,5-10yr,Undivided Two way,Unknown,Asphalt roads,Daylight,Normal,Vehicle with vehicle collision,Turnover,No distancing,1
Unknown,Male,Above 10yr,Undivided Two way,Unknown,Asphalt roads,Daylight,Normal,Vehicle with vehicle collision,Moving Backward,Changing lane to the left,1
31-50,Male,Above 10yr,Two-way (divided with broken lines road marking),Unknown,Asphalt roads,Daylight,Normal,Vehicle with vehicle collision,Going straight,No distancing,2
31-50,Male,Below 1yr,Two-way (divided with broken lines road marking),Unknown,Asphalt roads,Daylight,Normal,Collision with roadside objects,Moving Backward,No distancing,2
Under 18,Male,5-10yr,other,Unknown,Asphalt roads,Daylight,Normal,Vehicle with vehicle collision,Going straight,No distancing,2
Under 18,Male,5-10yr,Two-way (divided with broken lines road marking),Unknown,Asphalt roads,Daylight,Normal,Collision with pedestrians,Unknown,Changing lane to the left,2
Under 18,Male,2-5yr,other,Unknown,Asphalt roads,Daylight,Normal,Vehicle with vehicle collision,Going straight,Changing lane to the right,2
31-50,Male,Above 10yr,Two-way (divided with broken lines road marking),Unknown,Asphalt roads,Daylight,Normal,Collision with roadside objects,Unknown,Moving Backward,2
Over 51,Male,2-5yr,One way,Unknown,Asphalt roads,Darkness - lights lit,Normal,Vehicle with vehicle collision,Going straight,Changing lane to the right,2
31-50,Male,Above 10yr,Double carriageway (median),Unknown,Asphalt roads,Darkness - lights lit,Normal,Vehicle with vehicle collision,Unknown,No distancing,2
31-50,Female,Below 1yr,One way,Unknown,Asphalt roads,Darkness - lights lit,Normal,Vehicle with vehicle collision,Going straight,Overtaking,2
18-30,Male,2-5yr,Undivided Two way,Unknown,Asphalt roads,Darkness - lights lit,Normal,Vehicle with vehicle collision,Going straight,Other,2
18-30,Male,5-10yr,Double carriageway (median),Unknown,Asphalt roads,Darkness - lights lit,Normal,Vehicle with vehicle collision,Going straight,Other,2
Over 51,Male,5-10yr,Two-way (divided with broken lines road marking),Unknown,Asphalt roads,Daylight,Normal,Rollover,Going straight,Changing lane to the right,2
18-30,Male,1-2yr,Undivided Two way,Unknown,Asphalt roads,Daylight,Normal,Collision with roadside objects,Going straight,No priority to pedestrian,2
31-50,Male,Unknown,Unknown,Unknown,Asphalt roads,Daylight,Normal,Vehicle with vehicle collision,Other,No priority to vehicle,2
31-50,Male,1-2yr,Double carriageway (median),Unknown,Asphalt roads,Daylight,Normal,Vehicle with vehicle collision,Other,Changing lane to the left,2
Over 51,Male,5-10yr,Two-way (divided with broken lines road marking),Unknown,Asphalt roads,Daylight,Normal,Collision with roadside objects,Going straight,Changing lane to the left,2
Over 51,Male,1-2yr,Unknown,Unknown,Asphalt roads,Daylight,Normal,Vehicle with vehicle collision,Going straight,Overtaking,2
18-30,Male,5-10yr,Unknown,Unknown,Asphalt roads,Daylight,Cloudy,Vehicle with vehicle collision,Getting off,No distancing,2
31-50,Female,2-5yr,Two-way (divided with broken lines road marking),Unknown,Asphalt roads,Daylight,Cloudy,Vehicle with vehicle collision,Going straight,No priority to vehicle,2
Over 51,Male,2-5yr,Two-way (divided with broken lines road marking),Unknown,Asphalt roads,Daylight,Normal,Vehicle with vehicle collision,Going straight,Changing lane to the right,2
18-30,Male,5-10yr,Undivided Two way,Unknown,Asphalt roads,Daylight,Normal,Vehicle with vehicle collision,Going straight,Changing lane to the left,2
18-30,Male,Below 1yr,Two-way (divided with broken lines road marking),Unknown,Asphalt roads,Daylight,Normal,Vehicle with vehicle collision,Going straight,No distancing,2
18-30,Male,Below 1yr,Two-way (divided with broken lines road marking),Unknown,Asphalt roads,Daylight,Normal,Collision with pedestrians,Going straight,Driving carelessly,2
31-50,Male,Unknown,Two-way (divided with broken lines road marking),Unknown,Asphalt roads,Darkness - lights lit,Normal,Vehicle with vehicle collision,Getting off,No priority to pedestrian,2
31-50,Male,Below 1yr,Undivided Two way,Unknown,Asphalt roads,Darkness - lights lit,Normal,Collision with roadside objects,Going straight,Driving carelessly,2
31-50,Male,2-5yr,Undivided Two way,Unknown,Asphalt roads,Daylight,Normal,Vehicle with vehicle collision,Going straight,Moving Backward,2
31-50,Male,2-5yr,Double carriageway (median),Unknown,Asphalt roads,Daylight,Normal,Vehicle with vehicle collision,Other,No distancing,2
31-50,Female,5-10yr,Double carriageway (median),Unknown,Asphalt roads,Daylight,Normal,Vehicle with vehicle collision,Going straight,No distancing,2
18-30,Male,5-10yr,Two-way (divided with broken lines road marking),Unknown,Asphalt roads,Daylight,Normal,Vehicle with vehicle collision,Going straight,No distancing,2
18-30,Male,5-10yr,Double carriageway (median),Unknown,Asphalt roads,Daylight,Normal,Vehicle with vehicle collision,Going straight,Changing lane to the left,2
18-30,Male,5-10yr,Two-way (divided with broken lines road marking),Unknown,Asphalt roads,Daylight,Normal,Vehicle with vehicle collision,Going straight,Changing lane to the left,2
18-30,Male,5-10yr,Unknown,Unknown,Asphalt roads,Daylight,Normal,Vehicle with vehicle collision,Going straight,Moving Backward,2
31-50,Male,2-5yr,Unknown,Unknown,Asphalt roads,Daylight,Normal,Vehicle with vehicle collision,Reversing,Changing lane to the right,2
18-30,Male,5-10yr,One way,Unknown,Asphalt roads,Daylight,Raining,Vehicle with vehicle collision,Other,No priority to vehicle,2
18-30,Male,Below 1yr,Two-way (divided with broken lines road marking),Unknown,Asphalt roads,Daylight,Normal,Collision with roadside objects,Going straight,Moving Backward,2
Over 51,Male,1-2yr,Unknown,Unknown,Asphalt roads,Daylight,Normal,Vehicle with vehicle collision,Going straight,Driving carelessly,2
31-50,Male,2-5yr,Undivided Two way,Unknown,Asphalt roads,Daylight,Normal,Collision with roadside objects,Going straight,Driving carelessly,2
31-50,Male,2-5yr,Two-way (divided with broken lines road marking),Unknown,Asphalt roads,Daylight,Normal,Vehicle with vehicle collision,Going straight,Driving under the influence of drugs,2
Unknown,Male,5-10yr,Two-way (divided with broken lines road marking),Unknown,Asphalt roads,Daylight,Raining,Vehicle with vehicle collision,Going straight,No priority to pedestrian,1
Over 51,Male,5-10yr,Two-way (divided with broken lines road marking),Unknown,Asphalt roads,Daylight,Normal,Unknown,Going straight,No priority to vehicle,2
18-30,Male,Unknown,Two-way (divided with broken lines road marking),Unknown,Asphalt roads,Daylight,Normal,Collision with pedestrians,Going straight,Driving carelessly,2
31-50,Male,Above 10yr,Two-way (divided with broken lines road marking),Unknown,Asphalt roads,Daylight,Normal,Vehicle with vehicle collision,Going straight,Moving Backward,2
18-30,Male,Above 10yr,Undivided Two way,Unknown,Asphalt roads,Daylight,Normal,Vehicle with vehicle collision,Going straight,Driving carelessly,2
31-50,Unknown,Above 10yr,Undivided Two way,Unknown,Asphalt roads,Daylight,Normal,Vehicle with vehicle collision,Moving Backward,No priority to vehicle,2
31-50,Male,unknown,Undivided Two way,Unknown,Asphalt roads,Daylight,Raining,Collision with pedestrians,Moving Backward,Changing lane to the right,2
31-50,Female,5-10yr,Double carriageway (median),Unknown,Asphalt roads,Daylight,Raining,Collision with roadside objects,Turnover,Changing lane to the left,2
Over 51,Male,2-5yr,Undivided Two way,Unknown,Asphalt roads,Daylight,Normal,Unknown,Other,No priority to vehicle,1
18-30,Male,5-10yr,Undivided Two way,Unknown,Asphalt roads with some distress,Daylight,Normal,Vehicle with vehicle collision,Other,Driving carelessly,1
18-30,Male,2-5yr,Undivided Two way,Unknown,Asphalt roads,Daylight,Normal,Unknown,Going straight,Moving Backward,2
18-30,Male,5-10yr,Undivided Two way,Unknown,Asphalt roads,Daylight,Normal,Unknown,Going straight,No distancing,2
18-30,Male,Above 10yr,Two-way (divided with broken lines road marking),Unknown,Asphalt roads,Daylight,Normal,Unknown,Other,Changing lane to the left,2
18-30,Female,2-5yr,Undivided Two way,Unknown,Asphalt roads,Daylight,Normal,Vehicle with vehicle collision,Other,Changing lane to the left,2
Over 51,Male,2-5yr,Undivided Two way,Unknown,Gravel roads,Daylight,Normal,Vehicle with vehicle collision,Going straight,No distancing,1
Unknown,Male,Above 10yr,Undivided Two way,Unknown,Asphalt roads,Daylight,Normal,Collision with roadside objects,Reversing,Changing lane to the left,1
Unknown,Male,1-2yr,Two-way (divided with broken lines road marking),Unknown,Asphalt roads,Daylight,Normal,Collision with roadside objects,Other,Driving carelessly,1
Unknown,Male,Above 10yr,Undivided Two way,Unknown,Asphalt roads,Daylight,Normal,Vehicle with vehicle collision,Turnover,Changing lane to the left,1
Unknown,Male,Unknown,Two-way (divided with broken lines road marking),Unknown,Asphalt roads,Daylight,Normal,Vehicle with vehicle collision,Going straight,No distancing,2
Unknown,Male,5-10yr,other,Unknown,Asphalt roads,Daylight,Normal,Vehicle with vehicle collision,Going straight,Changing lane to the right,2
Under 18,Male,5-10yr,Two-way (divided with broken lines road marking),Unknown,Asphalt roads,Daylight,Normal,Vehicle with vehicle collision,Going straight,No distancing,1
18-30,Male,5-10yr,Two-way (divided with broken lines road marking),Unknown,Asphalt roads,Daylight,Normal,Vehicle with vehicle collision,Going straight,Driving to the left,1
18-30,Female,Above 10yr,Two-way (divided with broken lines road marking),Unknown,Asphalt roads,Daylight,Normal,Rollover,Going straight,No distancing,1
18-30,Male,1-2yr,other,Unknown,Asphalt roads,Daylight,Normal,Vehicle with vehicle collision,Going straight,Overtaking,1
18-30,Male,2-5yr,other,Unknown,Earth roads,Daylight,Normal,Collision with roadside objects,Going straight,Driving under the influence of drugs,2
31-50,Male,Below 1yr,Undivided Two way,Unknown,Asphalt roads,Daylight,Normal,Collision with pedestrians,Going straight,No priority to pedestrian,2
31-50,Male,Above 10yr,Double carriageway (median),Unknown,Unknown,Daylight,Normal,Vehicle with vehicle collision,Going straight,Moving Backward,2
Unknown,Male,1-2yr,other,Unknown,Unknown,Daylight,Normal,Vehicle with vehicle collision,Other,Changing lane to the right,2
18-30,Male,5-10yr,Undivided Two way,Unknown,Asphalt roads,Daylight,Normal,Vehicle with vehicle collision,Going straight,Changing lane to the left,2
18-30,Male,5-10yr,Two-way (divided with broken lines road marking),Unknown,Earth roads,Daylight,Normal,Vehicle with vehicle collision,Going straight,Changing lane to the right,2
Over 51,Female,Below 1yr,Two-way (divided with broken lines road marking),Unknown,Asphalt roads,Daylight,Other,Vehicle with vehicle collision,Moving Backward,Driving under the influence of drugs,2
31-50,Male,Unknown,Two-way (divided with broken lines road marking),Unknown,Asphalt roads,Daylight,Other,Vehicle with vehicle collision,Going straight,No priority to vehicle,2
18-30,Male,Above 10yr,Double carriageway (median),Unknown,Earth roads,Daylight,Other,Vehicle with vehicle collision,Moving Backward,No priority to vehicle,2
Over 51,Male,Unknown,Double carriageway (median),Unknown,Asphalt roads,Daylight,Other,Collision with roadside objects,Other,Changing lane to the left,2
Unknown,Male,1-2yr,Double carriageway (median),Unknown,Asphalt roads,Daylight,Other,Rollover,Going straight,Changing lane to the right,2
18-30,Male,2-5yr,Double carriageway (median),Unknown,Asphalt roads,Daylight,Other,Vehicle with vehicle collision,Reversing,Changing lane to the right,2
18-30,Male,unknown,Double carriageway (median),Unknown,Asphalt roads,Daylight,Normal,Collision with pedestrians,Going straight,Changing lane to the left,1
18-30,Male,Above 10yr,Undivided Two way,Unknown,Asphalt roads,Daylight,Normal,Vehicle with vehicle collision,Other,Changing lane to the left,1
31-50,Male,2-5yr,One way,Unknown,Asphalt roads,Daylight,Normal,Vehicle with vehicle collision,Other,Getting off the vehicle improperly,1
31-50,Male,5-10yr,One way,Unknown,Asphalt roads,Daylight,Normal,Collision with pedestrians,Other,Overtaking,2
31-50,Male,2-5yr,Double carriageway (median),Unknown,Asphalt roads,Daylight,Normal,Collision with pedestrians,Stopping,Changing lane to the left,2
18-30,Male,1-2yr,Two-way (divided with broken lines road marking),Unknown,Asphalt roads,Daylight,Normal,Vehicle with vehicle collision,Other,Driving under the influence of drugs,2
18-30,Male,5-10yr,Double carriageway (median),Unknown,Asphalt roads,Daylight,Raining,Vehicle with vehicle collision,Other,Driving carelessly,2
18-30,Male,2-5yr,Unknown,Unknown,Asphalt roads,Daylight,Raining,Vehicle with vehicle collision,Other,Moving Backward,2
18-30,Male,5-10yr,Double carriageway (median),Unknown,Asphalt roads,Daylight,Normal,Vehicle with vehicle collision,Going straight,No distancing,2
18-30,Male,5-10yr,Two-way (divided with broken lines road marking),Unknown,Asphalt roads with some distress,Daylight,Normal,Vehicle with vehicle collision,Going straight,No priority to vehicle,2