age,sex,exp,medians,junction,surface,light,weather,collision,car_movement,acc_cause,severity
18-30,Male,Above 10yr,Two-way (divided with broken lines road marking),Unknown,Asphalt roads,Daylight,Normal,Vehicle with vehicle collision,Other,Overtaking,2
18-30,Male,Below 1yr,Double carriageway (median),Unknown,Asphalt roads,Daylight,Normal,Vehicle with vehicle collision,Other,Overloading,2
18-30,Male,2-5yr,Undivided Two way,Unknown,Asphalt roads,Daylight,Normal,Vehicle with vehicle collision,Reversing,Changing lane to the right,2
18-30,Male,2-5yr,Undivided Two way,Unknown,Asphalt roads,Darkness - lights lit,Normal,Vehicle with vehicle collision,Going straight,Improper parking,2
18-30,Male,Above 10yr,Two-way (divided with broken lines road marking),Unknown,Asphalt roads,Darkness - lights lit,Normal,Vehicle with vehicle collision,Going straight,Other,2
18-30,Male,2-5yr,Double carriageway (median),Unknown,Asphalt roads,Darkness - lights lit,Raining,Vehicle with vehicle collision,Going straight,Changing lane to the left,2
31-50,Male,2-5yr,Undivided Two way,Unknown,Asphalt roads,Darkness - lights lit,Raining,Vehicle with vehicle collision,Going straight,Changing lane to the right,2
18-30,Male,1-2yr,other,Unknown,Asphalt roads,Daylight,Normal,Vehicle with vehicle collision,Turnover,No priority to pedestrian,2
18-30,Male,5-10yr,Two-way (divided with broken lines road marking),Unknown,Asphalt roads,Daylight,Normal,Vehicle with vehicle collision,Going straight,Overspeed,2
18-30,Male,Below 1yr,Undivided Two way,Unknown,Asphalt roads,Daylight,Other,Vehicle with vehicle collision,Going straight,Changing lane to the left,2
31-50,Male,Below 1yr,Undivided Two way,Unknown,Asphalt roads,Daylight,Raining,Vehicle with vehicle collision,Going straight,No priority to vehicle,2
31-50,Male,Unknown,Double carriageway (median),Unknown,Asphalt roads,Daylight,Raining,Vehicle with vehicle collision,Going straight,Changing lane to the right,2
Over 51,Male,Below 1yr,Undivided Two way,Unknown,Asphalt roads,Daylight,Raining,Vehicle with vehicle collision,Going straight,No distancing,2
Under 18,Male,1-2yr,Undivided Two way,Unknown,Asphalt roads,Daylight,Normal,Vehicle with vehicle collision,Moving Backward,No priority to pedestrian,2
18-30,Male,2-5yr,other,Unknown,Gravel roads,Daylight,Normal,Vehicle with vehicle collision,Going straight,No distancing,2
18-30,Male,1-2yr,Two-way (divided with broken lines road marking),Unknown,Asphalt roads,Darkness - no lighting,Raining,Vehicle with vehicle collision,Going straight,No priority to vehicle,2
18-30,Male,5-10yr,Two-way (divided with broken lines road marking),Unknown,Asphalt roads,Darkness - no lighting,Raining,Vehicle with vehicle collision,Turnover,Other,2
18-30,Male,Below 1yr,Undivided Two way,Unknown,Asphalt roads,Daylight,Normal,Vehicle with vehicle collision,Going straight,Driving carelessly,1
18-30,Male,Above 10yr,Double carriageway (median),Unknown,Other,Daylight,Normal,Vehicle with vehicle collision,Going straight,Changing lane to the left,1
31-50,Female,5-10yr,Double carriageway (median),Unknown,Asphalt roads,Daylight,Normal,Vehicle with vehicle collision,Going straight,Driving carelessly,2
31-50,Male,Below 1yr,Two-way (divided with broken lines road marking),Unknown,Other,Daylight,Normal,Vehicle with vehicle collision,Going straight,Changing lane to the left,2
18-30,Male,5-10yr,Two-way (divided with broken lines road marking),Unknown,Asphalt roads,Daylight,Normal,Collision with roadside objects,Going straight,No priority to vehicle,2
18-30,Female,5-10yr,Two-way (divided with broken lines road marking),Unknown,Asphalt roads,Daylight,Normal,Collision with roadside objects,Going straight,No distancing,2
Over 51,Male,2-5yr,Two-way (divided with broken lines road marking),Unknown,Asphalt roads,Darkness - lights lit,Normal,Vehicle with vehicle collision,Moving Backward,Changing lane to the right,2
Over 51,Male,Above 10yr,Double carriageway (median),Unknown,Asphalt roads,Darkness - lights lit,Normal,Vehicle with vehicle collision,Going straight,Changing lane to the right,2
18-30,Male,5-10yr,Double carriageway (median),Unknown,Asphalt roads,Darkness - lights lit,Windy,Vehicle with vehicle collision,Going straight,Driving at high speed,2
18-30,Male,1-2yr,Two-way (divided with broken lines road marking),Unknown,Asphalt roads,Darkness - lights lit,Windy,Vehicle with vehicle collision,Going straight,No distancing,2
31-50,Male,5-10yr,Undivided Two way,No junction,Asphalt roads,Darkness - lights lit,Raining,Collision with roadside objects,Going straight,Changing lane to the right,2
Under 18,Female,2-5yr,Undivided Two way,Crossing,Asphalt roads,Darkness - lights lit,Raining,Vehicle with vehicle collision,Moving Backward,Changing lane to the left,2
31-50,Male,5-10yr,other,Crossing,Asphalt roads,Daylight,Raining,Collision with roadside objects,Going straight,Getting off the vehicle improperly,2
31-50,Male,2-5yr,other,No junction,Asphalt roads,Daylight,Raining,Collision with roadside objects,Other,Other,2
31-50,Male,5-10yr,Double carriageway (median),No junction,Asphalt roads,Daylight,Normal,Collision with pedestrians,Other,Other,1
Over 51,Male,1-2yr,Unknown,No junction,Asphalt roads,Darkness - lights lit,Raining,Vehicle with vehicle collision,Going straight,No distancing,1
Under 18,Male,5-10yr,One way,Y Shape,Asphalt roads,Darkness - lights lit,Raining,Collision with roadside objects,Going straight,No priority to vehicle,1
18-30,Male,Unknown,One way,Y Shape,Asphalt roads,Darkness - lights lit,Raining,Vehicle with vehicle collision,Going straight,Overtaking,1
31-50,Male,Above 10yr,Undivided Two way,Y Shape,Asphalt roads,Darkness - lights lit,Raining,Vehicle with vehicle collision,Going straight,No priority to pedestrian,1
18-30,Male,Below 1yr,One way,Crossing,Asphalt roads,Darkness - lights lit,Windy,Vehicle with vehicle collision,Other,No distancing,2
18-30,Male,2-5yr,other,Y Shape,Asphalt roads,Daylight,Normal,Vehicle with vehicle collision,Going straight,Changing lane to the right,2
18-30,Male,1-2yr,other,Y Shape,Asphalt roads,Daylight,Normal,Vehicle with vehicle collision,Getting off,Driving carelessly,2
18-30,Male,5-10yr,Undivided Two way,Y Shape,Asphalt roads,Daylight,Normal,Vehicle with vehicle collision,Going straight,Changing lane to the right,2
31-50,Male,2-5yr,Double carriageway (median),No junction,Asphalt roads,Daylight,Normal,Collision with roadside objects,Going straight,Overtaking,2
18-30,Male,2-5yr,Two-way (divided with broken lines road marking),No junction,Asphalt roads,Daylight,Normal,Vehicle with vehicle collision,Going straight,Other,2
18-30,Male,2-5yr,Undivided Two way,No junction,Asphalt roads,Daylight,Normal,Collision with roadside objects,Going straight,Driving to the left,2
31-50,Male,Above 10yr,Double carriageway (median),No junction,Gravel roads,Daylight,Raining,Vehicle with vehicle collision,Going straight,Driving at high speed,2
31-50,Male,2-5yr,Two-way (divided with broken lines road marking),No junction,Asphalt roads,Daylight,Raining,Vehicle with vehicle collision,Going straight,Unknown,2
31-50,Male,1-2yr,other,Y Shape,Asphalt roads,Darkness - no lighting,Raining,Vehicle with vehicle collision,Moving Backward,Changing lane to the right,2
18-30,Male,2-5yr,Two-way (divided with broken lines road marking),Y Shape,Asphalt roads,Darkness - no lighting,Raining,Collision with roadside objects,Going straight,No distancing,2
18-30,Male,5-10yr,One way,Y Shape,Asphalt roads,Darkness - lights lit,Normal,Collision with roadside objects,Other,Other,2
18-30,Male,1-2yr,One way,Y Shape,Asphalt roads,Darkness - lights lit,Normal,Vehicle with vehicle collision,Going straight,No priority to vehicle,2
31-50,Male,1-2yr,Undivided Two way,Y Shape,Asphalt roads,Darkness - lights lit,Normal,Vehicle with vehicle collision,Going straight,Changing lane to the left,2
18-30,Male,2-5yr,Two-way (divided with broken lines road marking),Y Shape,Asphalt roads,Daylight,Normal,Vehicle with vehicle collision,Going straight,No priority to pedestrian,2
Over 51,Male,Above 10yr,other,Crossing,Asphalt roads,Daylight,Normal,Vehicle with vehicle collision,Going straight,Overtaking,2
31-50,Male,Below 1yr,Two-way (divided with broken lines road marking),Y Shape,Asphalt roads,Daylight,Raining,Vehicle with vehicle collision,Unknown,Driving carelessly,2
18-30,Male,Above 10yr,Two-way (divided with broken lines road marking),Y Shape,Asphalt roads,Daylight,Raining,Vehicle with vehicle collision,Moving Backward,No priority to vehicle,2
31-50,Male,5-10yr,Two-way (divided with broken lines road marking),Crossing,Asphalt roads,Daylight,Raining,Vehicle with vehicle collision,Unknown,No priority to pedestrian,2
Unknown,Male,Above 10yr,One way,Crossing,Asphalt roads,Daylight,Normal,Collision with roadside objects,Going straight,Changing lane to the right,1
Over 51,Male,1-2yr,Two-way (divided with broken lines road marking),Crossing,Asphalt roads,Daylight,Normal,Collision with roadside objects,Going straight,Driving carelessly,1
31-50,Male,Unknown,Undivided Two way,No junction,Asphalt roads,Daylight,Normal,Collision with roadside objects,Unknown,Changing lane to the right,2
31-50,Male,5-10yr,Two-way (divided with broken lines road marking),No junction,Gravel roads,Daylight,Normal,Vehicle with vehicle collision,Going straight,Changing lane to the right,2
Over 51,Male,2-5yr,Two-way (divided with broken lines road marking),No junction,Asphalt roads,Daylight,Raining,Vehicle with vehicle collision,Going straight,Changing lane to the left,2
Over 51,Male,Unknown,Two-way (divided with broken lines road marking),Crossing,Asphalt roads,Daylight,Raining,Vehicle with vehicle collision,Going straight,Overturning,2
18-30,Male,Unknown,Undivided Two way,No junction,Asphalt roads,Daylight,Raining,Vehicle with vehicle collision,Going straight,Driving carelessly,2
18-30,Male,1-2yr,Undivided Two way,No junction,Asphalt roads,Daylight,Normal,Collision with pedestrians,Going straight,No distancing,2
31-50,Male,1-2yr,Undivided Two way,No junction,Earth roads,Daylight,Normal,Collision with pedestrians,Going straight,Driving carelessly,2
31-50,Female,1-2yr,Undivided Two way,O Shape,Asphalt roads,Daylight,Normal,Vehicle with vehicle collision,Going straight,Changing lane to the left,2
18-30,Male,Above 10yr,Unknown,O Shape,Asphalt roads,Daylight,Normal,Vehicle with vehicle collision,Other,No priority to vehicle,2
31-50,Male,1-2yr,Undivided Two way,Crossing,Unknown,Darkness - lights lit,Raining,Vehicle with vehicle collision,Going straight,Changing lane to the right,2
Over 51,Male,Above 10yr,Unknown,Crossing,Gravel roads,Darkness - lights lit,Raining and Windy,Vehicle with vehicle collision,Going straight,No distancing,2
Over 51,Male,Above 10yr,Two-way (divided with broken lines road marking),Crossing,Asphalt roads,Darkness - lights lit,Raining and Windy,Vehicle with vehicle collision,Going straight,Moving Backward,2
Over 51,Male,1-2yr,Two-way (divided with broken lines road marking),No junction,Unknown,Darkness - lights lit,Raining and Windy,Vehicle with vehicle collision,Going straight,Moving Backward,2
Over 51,Male,1-2yr,other,No junction,Asphalt roads,Darkness - lights lit,Normal,Vehicle with vehicle collision,Going straight,No distancing,2
Over 51,Male,2-5yr,Undivided Two way,No junction,Earth roads,Darkness - lights lit,Normal,Vehicle with vehicle collision,Going straight,No distancing,2
31-50,Male,2-5yr,Undivided Two way,No junction,Asphalt roads,Darkness - lights lit,Normal,Vehicle with vehicle collision,Moving Backward,No distancing,2
Over 51,Male,1-2yr,Two-way (divided with broken lines road marking),Y Shape,Asphalt roads,Darkness - lights lit,Normal,Vehicle with vehicle collision,Going straight,No priority to pedestrian,2
18-30,Male,5-10yr,Undivided Two way,Y Shape,Asphalt roads,Darkness - lights lit,Raining,Collision with roadside objects,Going straight,Driving carelessly,2
Unknown,Male,5-10yr,One way,Y Shape,Asphalt roads,Daylight,Normal,Rollover,Going straight,Changing lane to the right,1
Unknown,Male,1-2yr,Undivided Two way,Crossing,Asphalt roads,Daylight,Normal,Vehicle with vehicle collision,Going straight,Changing lane to the left,1
Under 18,Male,5-10yr,Two-way (divided with broken lines road marking),Crossing,Earth roads,Daylight,Normal,Vehicle with vehicle collision,Going straight,Driving carelessly,2
18-30,Male,2-5yr,Two-way (divided with broken lines road marking),Crossing,Asphalt roads,Daylight,Normal,Vehicle with vehicle collision,Going straight,Driving carelessly,2
18-30,Male,5-10yr,Undivided Two way,Crossing,Asphalt roads,Darkness - lights lit,Normal,Vehicle with vehicle collision,Going straight,No distancing,2
18-30,Male,Above 10yr,Two-way (divided with broken lines road marking),Other,Asphalt roads,Darkness - lights lit,Normal,Vehicle with vehicle collision,Going straight,Other,2
31-50,Male,Above 10yr,Two-way (divided with broken lines road marking),Other,Asphalt roads,Darkness - lights lit,Normal,Collision with roadside objects,Going straight,Changing lane to the right,2
Over 51,Male,2-5yr,Undivided Two way,No junction,Asphalt roads,Darkness - lights lit,Normal,Collision with roadside objects,Going straight,Changing lane to the right,2
31-50,Male,5-10yr,other,No junction,Asphalt roads,Daylight,Normal,Vehicle with vehicle collision,Going straight,No distancing,2
31-50,Male,1-2yr,One way,No junction,Asphalt roads,Darkness - lights lit,Raining,Collision with roadside objects,Going straight,No distancing,2
Over 51,Male,Above 10yr,Undivided Two way,No junction,Asphalt roads,Darkness - lights lit,Raining,Vehicle with vehicle collision,Other,Overturning,2
Over 51,Male,5-10yr,One way,No junction,Asphalt roads,Darkness - lights lit,Raining,Vehicle with vehicle collision,Going straight,Driving at high speed,2
31-50,Male,2-5yr,Undivided Two way,No junction,Asphalt roads,Darkness - lights lit,Raining,Vehicle with vehicle collision,Going straight,No priority to vehicle,2
18-30,Male,Above 10yr,One way,Unknown,Asphalt roads,Darkness - lights lit,Raining,Vehicle with vehicle collision,Going straight,No priority to pedestrian,2
31-50,Male,2-5yr,Undivided Two way,Unknown,Earth roads,Darkness - lights lit,Normal,Vehicle with vehicle collision,Going straight,No priority to vehicle,2
18-30,Male,Above 10yr,Two-way (divided with broken lines road marking),Y Shape,Asphalt roads,Darkness - lights lit,Normal,Vehicle with vehicle collision,Going straight,Other,2
18-30,Male,Above 10yr,other,Y Shape,Asphalt roads,Daylight,Normal,Collision with pedestrians,Going straight,Other,2
31-50,Male,2-5yr,other,Y Shape,Asphalt roads,Daylight,Normal,Vehicle with vehicle collision,Going straight,Moving Backward,2
31-50,Male,Above 10yr,Two-way (divided with broken lines road marking),Y Shape,Asphalt roads,Darkness - no lighting,Normal,Collision with roadside objects,Other,No distancing,1
18-30,Male,Above 10yr,other,No junction,Other,Darkness - no lighting,Normal,Vehicle with vehicle collision,Going straight,Moving Backward,1
18-30,Male,Below 1yr,Two-way (divided with broken lines road marking),No junction,Gravel roads,Darkness - no lighting,Normal,Collision with roadside objects,Going straight,No priority to vehicle,1
18-30,Male,Above 10yr,Undivided Two way,O Shape,Gravel roads,Darkness - lights lit,Normal,Vehicle with vehicle collision,Going straight,Driving carelessly,1
31-50,Male,Above 10yr,Two-way (divided with broken lines road marking),O Shape,Asphalt roads,Darkness - lights lit,Normal,Vehicle with vehicle collision,Going straight,No distancing,1
31-50,Male,5-10yr,Undivided Two way,No junction,Asphalt roads,Daylight,Normal,Collision with pedestrians,Going straight,Other,2
18-30,Male,Unknown,Undivided Two way,No junction,Earth roads,Daylight,Normal,Vehicle with vehicle collision,Going straight,Changing lane to the right,2
31-50,Male,5-10yr,Undivided Two way,Crossing,Asphalt roads,Daylight,Normal,Vehicle with vehicle collision,Going straight,No distancing,2
Unknown,Male,5-10yr,Two-way (divided with broken lines road marking),Crossing,Asphalt roads,Daylight,Other,Vehicle with vehicle collision,Going straight,Driving carelessly,2
18-30,Male,Below 1yr,Undivided Two way,No junction,Asphalt roads,Daylight,Other,Vehicle with vehicle collision,Going straight,No distancing,2
31-50,Male,5-10yr,Double carriageway (median),No junction,Asphalt roads,Daylight,Normal,Collision with pedestrians,Moving Backward,No priority to vehicle,2
31-50,Male,2-5yr,Two-way (divided with broken lines road marking),No junction,Earth roads,Daylight,Normal,Vehicle with vehicle collision,Going straight,Changing lane to the right,2
18-30,Male,2-5yr,Two-way (divided with broken lines road marking),No junction,Asphalt roads,Darkness - lights lit,Normal,Vehicle with vehicle collision,Going straight,No priority to pedestrian,2
18-30,Male,2-5yr,Two-way (divided with broken lines road marking),No junction,Asphalt roads,Darkness - lights lit,Normal,Vehicle with vehicle collision,Going straight,No priority to vehicle,2
18-30,Male,2-5yr,One way,No junction,Asphalt roads,Darkness - lights lit,Normal,Vehicle with vehicle collision,Going straight,Changing lane to the left,2
31-50,Male,Above 10yr,Two-way (divided with broken lines road marking),Y Shape,Asphalt roads,Darkness - lights lit,Normal,Collision with roadside objects,Moving Backward,Turnover,2
31-50,Male,2-5yr,Two-way (divided with broken lines road marking),Y Shape,Asphalt roads,Darkness - lights lit,Normal,Vehicle with vehicle collision,Going straight,Driving to the left,2
31-50,Male,1-2yr,Two-way (divided with broken lines road marking),Crossing,Asphalt roads,Daylight,Normal,Vehicle with vehicle collision,Other,Driving carelessly,2
Unknown,Male,2-5yr,Two-way (divided with broken lines road marking),Crossing,Asphalt roads,Daylight,Normal,Vehicle with vehicle collision,Other,Driving to the left,2
Unknown,Male,1-2yr,Two-way (divided with broken lines road marking),Unknown,Asphalt roads,Daylight,Normal,Vehicle with vehicle collision,Going straight,Driving carelessly,2
18-30,Male,5-10yr,Undivided Two way,Unknown,Asphalt roads,Daylight,Normal,Collision with roadside objects,Going straight,No priority to pedestrian,2
18-30,Male,5-10yr,Double carriageway (median),Crossing,Asphalt roads,Darkness - lights lit,Cloudy,Vehicle with vehicle collision,Going straight,Driving carelessly,2
18-30,Male,2-5yr,Two-way (divided with broken lines road marking),Crossing,Earth roads,Darkness - lights lit,Cloudy,Vehicle with vehicle collision,Going straight,Changing lane to the right,2
31-50,Male,Below 1yr,Two-way (divided with broken lines road marking),Crossing,Asphalt roads,Darkness - lights lit,Cloudy,Vehicle with vehicle collision,Other,Moving Backward,2
31-50,Male,Unknown,Double carriageway (median),Y Shape,Asphalt roads,Darkness - lights lit,Raining,Vehicle with vehicle collision,Going straight,Driving carelessly,2
31-50,Male,Above 10yr,Two-way (divided with broken lines road marking),Y Shape,Asphalt roads,Darkness - lights lit,Raining,Vehicle with vehicle collision,Getting off,Changing lane to the right,2
31-50,Male,1-2yr,Two-way (divided with broken lines road marking),No junction,Asphalt roads,Daylight,Snow,Vehicle with vehicle collision,Going straight,Driving carelessly,2
31-50,Male,5-10yr,other,No junction,Earth roads,Daylight,Snow,Vehicle with vehicle collision,Going straight,Driving carelessly,2
31-50,Male,1-2yr,Two-way (divided with broken lines road marking),No junction,Asphalt roads,Daylight,Snow,Vehicle with vehicle collision,Going straight,Driving carelessly,2
31-50,Male,Above 10yr,Double carriageway (median),No junction,Asphalt roads,Daylight,Snow,Vehicle with vehicle collision,Going straight,Changing lane to the right,2
31-50,Male,Below 1yr,Undivided Two way,Crossing,Asphalt roads,Daylight,Snow,Vehicle with vehicle collision,Going straight,Changing lane to the right,2
31-50,Male,2-5yr,Two-way (divided with broken lines road marking),Crossing,Asphalt roads,Daylight,Snow,Vehicle with vehicle collision,Going straight,Driving carelessly,2
18-30,Male,5-10yr,Two-way (divided with broken lines road marking),Y Shape,Asphalt roads,Daylight,Snow,Collision with roadside objects,Moving Backward,Overtaking,2
18-30,Male,5-10yr,One way,Y Shape,Asphalt roads,Daylight,Snow,Collision with roadside objects,Going straight,Changing lane to the right,2
18-30,Male,1-2yr,Double carriageway (median),Y Shape,Asphalt roads,Daylight,Snow,Collision with roadside objects,Other,No distancing,2
31-50,Male,5-10yr,Two-way (divided with broken lines road marking),No junction,Asphalt roads,Daylight,Snow,Collision with pedestrians,Going straight,Other,2
Over 51,Male,Unknown,Double carriageway (median),No junction,Other,Darkness - no lighting,Snow,Vehicle with vehicle collision,Going straight,Changing lane to the right,2
31-50,Male,2-5yr,Undivided Two way,Y Shape,Asphalt roads,Darkness - no lighting,Snow,Vehicle with vehicle collision,Going straight,Changing lane to the right,2
31-50,Male,1-2yr,Two-way (divided with broken lines road marking),Y Shape,Asphalt roads,Darkness - lights lit,Normal,Collision with pedestrians,Going straight,Overtaking,2
18-30,Male,5-10yr,other,Y Shape,Asphalt roads,Darkness - lights lit,Normal,Vehicle with vehicle collision,Unknown,Other,2
18-30,Male,2-5yr,other,Y Shape,Asphalt roads,Darkness - lights lit,Normal,Vehicle with vehicle collision,Moving Backward,Driving to the left,2
18-30,Male,No Licence,Two-way (divided with broken lines road marking),Crossing,Asphalt roads,Darkness - lights lit,Normal,Vehicle with vehicle collision,Unknown,Overtaking,2
18-30,Male,Above 10yr,other,Crossing,Asphalt roads,Darkness - lights lit,Normal,Vehicle with vehicle collision,Going straight,No priority to vehicle,2
Over 51,Male,Above 10yr,Two-way (divided with broken lines road marking),Crossing,Asphalt roads,Darkness - lights lit,Normal,Vehicle with vehicle collision,Going straight,Moving Backward,2
Over 51,Male,5-10yr,Two-way (divided with broken lines road marking),No junction,Earth roads,Daylight,Normal,Vehicle with vehicle collision,Unknown,Other,2
18-30,Male,2-5yr,Two-way (divided with broken lines road marking),No junction,Asphalt roads,Daylight,Normal,Collision with roadside objects,Going straight,No priority to vehicle,2
31-50,Male,2-5yr,Undivided Two way,No junction,Asphalt roads,Daylight,Normal,Collision with pedestrians,Going straight,No priority to pedestrian,2
18-30,Male,Below 1yr,Two-way (divided with broken lines road marking),No junction,Asphalt roads,Daylight,Normal,Vehicle with vehicle collision,Going straight,Changing lane to the right,2
18-30,Male,Above 10yr,Two-way (divided with broken lines road marking),Y Shape,Asphalt roads,Daylight,Snow,Vehicle with vehicle collision,Going straight,Changing lane to the right,2
18-30,Male,Above 10yr,Undivided Two way,Y Shape,Asphalt roads,Daylight,Snow,Collision with roadside objects,Going straight,Changing lane to the right,2
31-50,Male,2-5yr,Undivided Two way,Y Shape,Asphalt roads,Darkness - lights lit,Normal,Vehicle with vehicle collision,Going straight,Driving to the left,2
18-30,Male,2-5yr,Two-way (divided with broken lines road marking),Crossing,Asphalt roads,Darkness - lights lit,Normal,Vehicle with vehicle collision,Going straight,Changing lane to the left,2
31-50,Male,Above 10yr,Two-way (divided with broken lines road marking),Crossing,Asphalt roads,Daylight,Normal,Vehicle with vehicle collision,Other,Moving Backward,2
18-30,Male,5-10yr,Unknown,Crossing,Asphalt roads,Darkness - lights lit,Cloudy,Vehicle with vehicle collision,Going straight,Driving at high speed,2
31-50,Male,Below 1yr,other,No junction,Asphalt roads,Darkness - lights lit,Cloudy,Vehicle with vehicle collision,Going straight,Moving Backward,2
18-30,Female,Below 1yr,other,Crossing,Asphalt roads,Darkness - lights lit,Cloudy,Vehicle with vehicle collision,Going straight,No distancing,2
Over 51,Male,Below 1yr,Two-way (divided with broken lines road marking),Crossing,Asphalt roads,Darkness - lights lit,Other,Vehicle with vehicle collision,Going straight,Other,2
Over 51,Male,5-10yr,other,Crossing,Asphalt roads,Darkness - lights lit,Other,Vehicle with vehicle collision,Going straight,No priority to vehicle,2
Over 51,Male,5-10yr,Undivided Two way,Crossing,Asphalt roads,Darkness - lights lit,Other,Collision with roadside objects,Going straight,Changing lane to the right,2
31-50,Male,5-10yr,One way,No junction,Asphalt roads,Daylight,Normal,Collision with roadside objects,Moving Backward,Other,2
31-50,Male,5-10yr,Two-way (divided with broken lines road marking),No junction,Earth roads,Daylight,Normal,Collision with roadside objects,Going straight,No distancing,2
18-30,Male,2-5yr,Undivided Two way,Y Shape,Asphalt roads,Daylight,Normal,Vehicle with vehicle collision,Going straight,Driving carelessly,2
31-50,Male,5-10yr,Two-way (divided with broken lines road marking),Y Shape,Unknown,Darkness - lights lit,Normal,Collision with pedestrians,Going straight,No distancing,2
Over 51,Male,2-5yr,Double carriageway (median),Y Shape,Asphalt roads,Darkness - lights lit,Raining,Vehicle with vehicle collision,Going straight,Moving Backward,2
18-30,Male,Below 1yr,Two-way (divided with broken lines road marking),Other,Asphalt roads,Daylight,Windy,Collision with pedestrians,Going straight,No distancing,2
18-30,Male,2-5yr,Undivided Two way,Crossing,Asphalt roads,Daylight,Windy,Vehicle with vehicle collision,Going straight,Moving Backward,2
31-50,Male,2-5yr,Undivided Two way,Crossing,Asphalt roads,Daylight,Normal,Collision with pedestrians,Going straight,No priority to pedestrian,2
31-50,Male,2-5yr,Undivided Two way,No junction,Asphalt roads,Darkness - lights lit,Normal,Vehicle with vehicle collision,Getting off,Changing lane to the left,2
31-50,Male,5-10yr,Two-way (divided with broken lines road marking),No junction,Asphalt roads,Daylight,Normal,Vehicle with vehicle collision,Going straight,No distancing,2
31-50,Male,5-10yr,Undivided Two way,No junction,Asphalt roads,Daylight,Normal,Vehicle with vehicle collision,Going straight,Other,2
31-50,Male,Unknown,Undivided Two way,No junction,Asphalt roads,Daylight,Normal,Vehicle with vehicle collision,Turnover,No distancing,2
18-30,Male,5-10yr,Undivided Two way,Crossing,Asphalt roads,Daylight,Normal,Vehicle with vehicle collision,Moving Backward,No priority to pedestrian,2
18-30,Male,2-5yr,One way,Y Shape,Gravel roads,Darkness - lights lit,Normal,Vehicle with vehicle collision,Going straight,Moving Backward,1
18-30,Male,Below 1yr,Undivided Two way,Y Shape,Asphalt roads,Darkness - lights lit,Normal,Vehicle with vehicle collision,Moving Backward,No priority to pedestrian,1
31-50,Male,1-2yr,other,No junction,Asphalt roads,Daylight,Normal,Vehicle with vehicle collision,Going straight,No distancing,2
18-30,Male,Below 1yr,other,Crossing,Asphalt roads,Darkness - no lighting,Normal,Vehicle with vehicle collision,Unknown,No priority to pedestrian,2
31-50,Female,Above 10yr,Two-way (divided with broken lines road marking),No junction,Asphalt roads,Darkness - lights lit,Normal,Vehicle with vehicle collision,Going straight,Driving carelessly,2
18-30,Female,Below 1yr,One way,Crossing,Asphalt roads,Darkness - lights lit,Normal,Vehicle with vehicle collision,Unknown,Getting off the vehicle improperly,2
31-50,Male,2-5yr,Two-way (divided with broken lines road marking),Crossing,Asphalt roads,Darkness - lights lit,Normal,Vehicle with vehicle collision,Going straight,Driving carelessly,2
Unknown,Female,1-2yr,Two-way (divided with broken lines road marking),No junction,Asphalt roads,Daylight,Normal,Rollover,Unknown,Changing lane to the left,2
Over 51,Male,5-10yr,Two-way (divided with broken lines road marking),No junction,Asphalt roads,Daylight,Normal,Collision with roadside objects,Going straight,No priority to vehicle,2
18-30,Male,Below 1yr,Two-way (divided with broken lines road marking),Y Shape,Asphalt roads,Daylight,Normal,Vehicle with vehicle collision,Going straight,Changing lane to the right,2
18-30,Male,Below 1yr,Two-way (divided with broken lines road marking),Y Shape,Asphalt roads,Daylight,Normal,Vehicle with vehicle collision,Going straight,Changing lane to the right,2
18-30,Male,Below 1yr,Two-way (divided with broken lines road marking),Y Shape,Asphalt roads,Daylight,Normal,Vehicle with vehicle collision,Going straight,No distancing,2
Unknown,Male,1-2yr,Undivided Two way,Y Shape,Asphalt roads,Darkness - no lighting,Normal,Collision with pedestrians,Going straight,No distancing,2
31-50,Male,5-10yr,Two-way (divided with broken lines road marking),Y Shape,Asphalt roads,Darkness - no lighting,Normal,Collision with pedestrians,Other,Changing lane to the left,2
31-50,Male,2-5yr,Two-way (divided with broken lines road marking),Crossing,Asphalt roads,Darkness - no lighting,Normal,Vehicle with vehicle collision,Other,Changing lane to the right,2
31-50,Male,Below 1yr,Two-way (divided with broken lines road marking),Y Shape,Asphalt roads,Daylight,Normal,Vehicle with vehicle collision,Going straight,No priority to vehicle,2
31-50,Male,5-10yr,Two-way (divided with broken lines road marking),Y Shape,Asphalt roads,Darkness - lights lit,Normal,Collision with pedestrians,Going straight,Changing lane to the left,2
18-30,Male,5-10yr,Double carriageway (median),Y Shape,Asphalt roads,Darkness - lights lit,Normal,Collision with pedestrians,Getting off,No priority to vehicle,2
18-30,Male,5-10yr,Undivided Two way,No junction,Other,Daylight,Raining,Collision with pedestrians,Going straight,Moving Backward,2
18-30,Male,2-5yr,Double carriageway (median),No junction,Asphalt roads,Daylight,Raining,Vehicle with vehicle collision,Going straight,Turnover,2
31-50,Male,Above 10yr,Two-way (divided with broken lines road marking),Y Shape,Asphalt roads,Daylight,Raining,Collision with roadside objects,Going straight,No distancing,2